,Product_name,Prices,Description,Reviews
0,"Samsung Galaxy F06 5G (Bahama Blue, 64 GB)","₹12,499",4 GB RAM | 64 GB ROM | Expandable Upto 1500 GB17.02 cm (6.7 inch) HD+ Display50MP + 2MP | 8MP Front Camera5000 mAh BatteryDimensity 6300 Processor1 Year Manufacturer Warranty for Device and 6 Months for In-Box Accessories,4.1
1,"REDMI 14C 5G (Stardust Purple, 128 GB)","₹11,499",6 GB RAM | 128 GB ROM | Expandable Upto 1 TB17.48 cm (6.88 inch) HD+ Display50MP Rear Camera | 8MP Front Camera5160 mAh Battery4 Gen 2 5G Processor1 Year Manufacturer Warranty for Phone and 6 Months Warranty for In the Box Accessories,4.2
2,"realme P3x 5G (Lunar Silver, 128 GB)","₹12,999",6 GB RAM | 128 GB ROM17.07 cm (6.72 inch) Full HD Display50MP Rear Camera | 8MP Front Camera6000 mAh BatteryDimensity 6400 Processor1 Year Manufacturer Warranty for Device and 6 Months Manufacturer Warranty for Inbox Accessories,4.4
3,"realme P1 5G (Feather Blue, 128 GB)","₹13,999",6 GB RAM | 128 GB ROM | Expandable Upto 2 TB16.94 cm (6.67 inch) Full HD+ Display50MP + 2MP | 16MP Front Camera5000 mAh BatteryDimensity 7050 Processor1 Year Manufacturer Warranty for Device and 6 Months Manufacturer Warranty for Inbox Accessories,4.4
4,"REDMI 14C 5G (Starlight Blue, 128 GB)","₹10,499",4 GB RAM | 128 GB ROM | Expandable Upto 1 TB17.48 cm (6.88 inch) HD+ Display50MP Rear Camera | 8MP Front Camera5160 mAh Battery4 Gen 2 5G Processor1 Year Manufacturer Warranty for Phone and 6 Months Warranty for In the Box Accessories,4.2
5,"realme 14x 5G (Golden Glow, 128 GB)","₹14,999",6 GB RAM | 128 GB ROM | Expandable Upto 2 TB16.94 cm (6.67 inch) HD+ Display50MP Rear Camera | 8MP Front Camera6000 mAh BatteryDimensity 6300 Processor1 Year Manufacturer Warranty for Device and 6 Months Manufacturer Warranty for Inbox Accessories,4.3
6,Pious M18 Dual Sim Mobile Phone with 3000 mAh Big Battery & Wireless FM Radio,₹934,32 MB RAM | 32 MB ROM4.57 cm (1.8 inch) Display0.3MP Rear Camera3000 mAh Battery1 year manufacturer's warranty.,3.7
7,"POCO M6 Plus 5G (Ice Silver, 128 GB)","₹14,499",8 GB RAM | 128 GB ROM | Expandable Upto 1 TB17.25 cm (6.79 inch) Full HD+ Display108MP + 2MP | 13MP Front Camera5030 mAh BatterySnapdragon 4 Gen2 AE Processor1 Year Manufacturer Warranty for Phone and 6 Months Warranty for In the Box Accessories,4.2
8,"REDMI 13 5G (Black Diamond, 128 GB)","₹14,490",6 GB RAM | 128 GB ROM17.25 cm (6.79 inch) Full HD+ Display108MP Rear Camera5030 mAh BatteryQualcomm SM4450 Snapdragon 4 Gen 2 AE (4 nm) Processor1 year manufacture warranty,4.3
9,"POCO M6 Plus 5G (Graphite Black, 128 GB)","₹14,499",8 GB RAM | 128 GB ROM | Expandable Upto 1 TB17.25 cm (6.79 inch) Full HD+ Display108MP + 2MP | 13MP Front Camera5030 mAh BatterySnapdragon 4 Gen2 AE Processor1 Year Manufacturer Warranty for Phone and 6 Months Warranty for In the Box Accessories,4.2
10,"realme P3x 5G (Stellar Pink, 128 GB)","₹12,999",6 GB RAM | 128 GB ROM17.07 cm (6.72 inch) Full HD Display50MP Rear Camera | 8MP Front Camera6000 mAh BatteryDimensity 6400 Processor1 Year Manufacturer Warranty for Device and 6 Months Manufacturer Warranty for Inbox Accessories,4.4
11,"POCO M7 5G (Satin Black, 128 GB)","₹10,499",8 GB RAM | 128 GB ROM | Expandable Upto 1 TB17.48 cm (6.88 inch) HD+ Display50MP Rear Camera | 8MP Front Camera5160 mAh Battery4 Gen 2 5G Processor1 Year Manufacturer Warranty for Phone and 6 Months Warranty for In the Box Accessories,4.2
12,"POCO X6 Neo 5G (Martian Orange, 128 GB)","₹14,199",8 GB RAM | 128 GB ROM | Expandable Upto 1 TB16.94 cm (6.67 inch) Full HD+ Display108MP + 2MP | 16MP Front Camera5000 mAh BatteryDimensity 6080 Processor1 Year Manufacturer Warranty for Phone and 6 Months Warranty for In the Box Accessories,4.2
13,"realme P3x 5G (Stellar Pink, 128 GB)","₹13,999",8 GB RAM | 128 GB ROM17.07 cm (6.72 inch) Full HD Display50MP Rear Camera | 8MP Front Camera6000 mAh BatteryDimensity 6400 Processor1 Year Manufacturer Warranty for Device and 6 Months Manufacturer Warranty for Inbox Accessories,4.4
14,"IQOO Z9x (Tornado Green, 128 GB)","₹12,990","4 GB RAM | 128 GB ROM17.07 cm (6.72 inch) Display50MP Rear Camera6000 mAh BatteryOcta core (2.2 GHz, Quad core, Cortex A78 + 1.8 GHz, Quad core, Cortex A55) Processor1 Year Manufacturer Warranty",4.2
15,"realme P1 5G (Peacock Green, 128 GB)","₹13,999",6 GB RAM | 128 GB ROM | Expandable Upto 2 TB16.94 cm (6.67 inch) Full HD+ Display50MP + 2MP | 16MP Front Camera5000 mAh BatteryDimensity 7050 Processor1 Year Manufacturer Warranty for Device and 6 Months Manufacturer Warranty for Inbox Accessories,4.4
16,"REDMI 13 5G (Orchid Pink, 128 GB)","₹12,001",6 GB RAM | 128 GB ROM17.25 cm (6.79 inch) Full HD+ Display108MP Rear Camera5030 mAh BatteryQualcomm SM4450 Snapdragon 4 Gen 2 AE (4 nm) Processor1 year manufacture warranty,4.3
17,"realme P3x 5G (Lunar Silver, 128 GB)","₹13,999",8 GB RAM | 128 GB ROM17.07 cm (6.72 inch) Full HD Display50MP Rear Camera | 8MP Front Camera6000 mAh BatteryDimensity 6400 Processor1 Year Manufacturer Warranty for Device and 6 Months Manufacturer Warranty for Inbox Accessories,4.4
18,"REDMI 13 5G (Black Diamond, 128 GB)","₹12,499",6 GB RAM | 128 GB ROM | Expandable Upto 1 TB17.25 cm (6.79 inch) Full HD+ Display108MP + 2MP | 13MP Front Camera5030 mAh Lithium Polymer Battery4 Gen 2 AE Processor1 Year Manufacturer Warranty for Phone and 6 Months Warranty for In the Box Accessories,4.3
19,"POCO X6 Neo 5G (Astral Black, 128 GB)","₹14,199",8 GB RAM | 128 GB ROM | Expandable Upto 1 TB16.94 cm (6.67 inch) Full HD+ Display108MP + 2MP | 16MP Front Camera5000 mAh BatteryDimensity 6080 Processor1 Year Manufacturer Warranty for Phone and 6 Months Warranty for In the Box Accessories,4.2
20,"realme P1 5G (Feather Blue, 128 GB)","₹14,999",8 GB RAM | 128 GB ROM | Expandable Upto 2 TB16.94 cm (6.67 inch) Full HD+ Display50MP + 2MP | 16MP Front Camera5000 mAh BatteryDimensity 7050 Processor1 Year Manufacturer Warranty for Device and 6 Months Manufacturer Warranty for Inbox Accessories,4.4
21,"POCO X6 Neo 5G (Horizon Blue, 128 GB)","₹14,490",8 GB RAM | 128 GB ROM | Expandable Upto 1 TB16.94 cm (6.67 inch) Full HD+ Display108MP + 2MP | 16MP Front Camera5000 mAh BatteryDimensity 6080 Processor1 Year Manufacturer Warranty for Phone and 6 Months Warranty for In the Box Accessories,4.2
22,"Samsung Galaxy F15 5G (Jazzy Green, 128 GB)","₹13,499",6 GB RAM | 128 GB ROM | Expandable Upto 1 TB16.51 cm (6.5 inch) Full HD+ Display50MP + 5MP + 2MP | 13MP Front Camera6000 mAh Lithium ion BatteryMediaTek Dimensity 6100+ Processor1 Year Manufacturer Warranty for Device and 6 Months Manufacturer Warranty for In-Box Accessories,4.2
23,"Samsung Galaxy F15 5G (Ash Black, 128 GB)","₹13,499",6 GB RAM | 128 GB ROM | Expandable Upto 1 TB16.51 cm (6.5 inch) Full HD+ Display50MP + 5MP + 2MP | 13MP Front Camera6000 mAh Lithium ion BatteryMediaTek Dimensity 6100+ Processor1 Year Manufacturer Warranty for Device and 6 Months Manufacturer Warranty for In-Box Accessories,4.2
24,"Samsung Galaxy A06 5G (Light Green, 128 GB)","₹10,627",4 GB RAM | 128 GB ROM17.02 cm (6.7 inch) HD+ Display50MP + 2MP | 8MP Front Camera5000 mAh Li-ion BatteryDimensity 6300 Processor1 Year Manufacturer Warranty for Device and 6 Months for In-Box Accessories,4.2
25,"realme C65 5G (Feather Green, 128 GB)","₹11,499",4 GB RAM | 128 GB ROM | Expandable Upto 2 TB16.94 cm (6.67 inch) HD+ Display50MP Rear Camera | 8MP Front Camera5000 mAh BatteryDimensity 6300 Processor1 Year Manufacturer Warranty for Device and 6 Months Manufacturer Warranty for Inbox Accessories,4.2
26,Pious M18 Dual Sim Mobile Phone with 3000 mAh Big Battery & Wireless FM Radio,₹934,32 MB RAM | 32 MB ROM4.57 cm (1.8 inch) Display0.3MP Rear Camera3000 mAh Battery1 year manufacturer's warranty.,3.7
27,"REDMI 14C 5G (Stardust Purple, 128 GB)","₹10,499",4 GB RAM | 128 GB ROM | Expandable Upto 1 TB17.48 cm (6.88 inch) HD+ Display50MP Rear Camera | 8MP Front Camera5160 mAh Battery4 Gen 2 5G Processor1 Year Manufacturer Warranty for Phone and 6 Months Warranty for In the Box Accessories,4.2
28,"realme C75 5G (Purple Blossom, 128 GB)","₹13,999",6 GB RAM | 128 GB ROM | Expandable Upto 2 TB16.94 cm (6.67 inch) HD+ Display32MP Rear Camera | 8MP Front Camera6000 mAh BatteryDimensity 6300 Processor1 Year Manufacturer Warranty for Device and 6 Months Manufacturer Warranty for Inbox Accessories,4.3
29,"REDMI 14C 5G (Starlight Blue, 128 GB)","₹11,499",6 GB RAM | 128 GB ROM | Expandable Upto 1 TB17.48 cm (6.88 inch) HD+ Display50MP Rear Camera | 8MP Front Camera5160 mAh Battery4 Gen 2 5G Processor1 Year Manufacturer Warranty for Phone and 6 Months Warranty for In the Box Accessories,4.2
30,"vivo T3x 5G (Crimson Bliss, 128 GB)","₹13,999",6 GB RAM | 128 GB ROM | Expandable Upto 1 TB17.06 cm (6.7165354 inch) Full HD+ Display50MP + 2MP | 8MP Front Camera6000 mAh Battery6 Gen 1 Processor1 Year Manufacturer Warranty for Device and 6 Months Manufacturer Warranty for Inbox Accessories,4.5
31,"Samsung Galaxy F15 5G (Jazzy Green, 128 GB)","₹12,499",4 GB RAM | 128 GB ROM | Expandable Upto 1 TB16.51 cm (6.5 inch) Full HD+ Display50MP + 5MP + 2MP | 13MP Front Camera6000 mAh Lithium ion BatteryMediaTek Dimensity 6100+ Processor1 Year Manufacturer Warranty for Device and 6 Months Manufacturer Warranty for In-Box Accessories,4.2
32,"realme P1 5G (Phoenix Red, 128 GB)","₹14,999",8 GB RAM | 128 GB ROM | Expandable Upto 2 TB16.94 cm (6.67 inch) Full HD+ Display50MP + 2MP | 16MP Front Camera5000 mAh BatteryDimensity 7050 Processor1 Year Manufacturer Warranty for Device and 6 Months Manufacturer Warranty for Inbox Accessories,4.4
33,"realme 12x 5G (Woodland Green, 128 GB)","₹12,499",6 GB RAM | 128 GB ROM | Expandable Upto 2 TB17.07 cm (6.72 inch) Full HD+ Display50MP + 2MP | 8MP Front Camera5000 mAh BatteryDimensity 6100+ Processor1 Year Manufacturer Warranty for Device and 6 Months Manufacturer Warranty for Inbox Accessories,4.4
34,"realme NARZO 70X 5G (Ice Blue, 128 GB)","₹14,999","8 GB RAM | 128 GB ROM17.07 cm (6.72 inch) Display50MP Rear Camera5000 mAh BatteryDimensity 6100 Plus, Octa Core Processor1 Year Domestic Warranty for Phone and 6 Months Warranty for In-Box Accessories",4.3
35,"Samsung Galaxy F15 5G (Groovy Violet, 128 GB)","₹13,499",6 GB RAM | 128 GB ROM | Expandable Upto 1 TB16.51 cm (6.5 inch) Full HD+ Display50MP + 5MP + 2MP | 13MP Front Camera6000 mAh Lithium ion BatteryMediaTek Dimensity 6100+ Processor1 Year Manufacturer Warranty for Device and 6 Months Manufacturer Warranty for In-Box Accessories,4.2
36,"vivo T3 Lite 5G (Majestic Black, 128 GB)","₹11,499",6 GB RAM | 128 GB ROM | Expandable Upto 1 TB16.66 cm (6.56 inch) Display50MP + 2MP | 8MP Front Camera5000 mAh BatteryDimensity 6300 Processor1 Year Manufacturer Warranty for Device and 6 Months Manufacturer Warranty for Inbox Accessories,4.4
37,"Samsung Galaxy F15 5G (Ash Black, 128 GB)","₹13,989",4 GB RAM | 128 GB ROM | Expandable Upto 1 TB16.51 cm (6.5 inch) Full HD+ Display50MP + 5MP + 2MP | 13MP Front Camera6000 mAh Lithium ion BatteryMediaTek Dimensity 6100+ Processor1 Year Manufacturer Warranty for Device and 6 Months Manufacturer Warranty for In-Box Accessories,4.2
38,"realme C65 5G (Feather Green, 128 GB)","₹12,999",6 GB RAM | 128 GB ROM | Expandable Upto 2 TB16.94 cm (6.67 inch) HD+ Display50MP Rear Camera | 8MP Front Camera5000 mAh BatteryDimensity 6300 Processor1 Year Manufacturer Warranty for Device and 6 Months Manufacturer Warranty for Inbox Accessories,4.3
39,"vivo T3 Lite 5G (Vibrant Green, 128 GB)","₹10,499",4 GB RAM | 128 GB ROM | Expandable Upto 1 TB16.66 cm (6.56 inch) Display50MP + 2MP | 8MP Front Camera5000 mAh BatteryDimensity 6300 Processor1 Year Manufacturer Warranty for Device and 6 Months Manufacturer Warranty for Inbox Accessories,4.4
40,"Samsung Galaxy A06 5G (Light Gray, 128 GB)","₹10,494",4 GB RAM | 128 GB ROM | Expandable Upto 1 TB17.02 cm (6.7 inch) HD+ Display50MP + 50MP | 2MP + 2MP Dual Front Camera5000 mAh BatteryMEDIATEK Processor1 Year Manufacturer Warranty for Device and 6 Months for In-Box Accessories,4.2
41,"realme 12x 5G (Woodland Green, 128 GB)","₹13,499",8 GB RAM | 128 GB ROM | Expandable Upto 2 TB17.07 cm (6.72 inch) Full HD+ Display50MP + 2MP | 8MP Front Camera5000 mAh BatteryDimensity 6100+ Processor1 Year Manufacturer Warranty for Device and 6 Months Manufacturer Warranty for Inbox Accessories,4.4
42,"realme C65 5G (Glowing Black, 128 GB)","₹14,999",4 GB RAM | 128 GB ROM | Expandable Upto 2 TB16.94 cm (6.67 inch) HD+ Display50MP Rear Camera | 8MP Front Camera5000 mAh BatteryDimensity 6300 Processor1 Year Manufacturer Warranty for Device and 6 Months Manufacturer Warranty for Inbox Accessories,4.2
43,"realme 12x 5G (Twilight Purple, 128 GB)","₹12,499",6 GB RAM | 128 GB ROM | Expandable Upto 2 TB17.07 cm (6.72 inch) Full HD+ Display50MP + 2MP | 8MP Front Camera5000 mAh BatteryDimensity 6100+ Processor1 Year Manufacturer Warranty for Device and 6 Months Manufacturer Warranty for Inbox Accessories,4.4
44,"vivo T3 Lite 5G (Vibrant Green, 128 GB)","₹11,499",6 GB RAM | 128 GB ROM | Expandable Upto 1 TB16.66 cm (6.56 inch) Display50MP + 2MP | 8MP Front Camera5000 mAh BatteryDimensity 6300 Processor1 Year Manufacturer Warranty for Device and 6 Months Manufacturer Warranty for Inbox Accessories,4.4
45,"REDMI 14C 5G (Starlight Blue, 128 GB)","₹10,190",4 GB RAM | 128 GB ROM | Expandable Upto 1 TB17.48 cm (6.88 inch) HD+ Display50MP Rear Camera | 8MP Front Camera5160 mAh Battery4 Gen 2 5G Processor1 Year Manufacturer Warranty for Phone and 6 Months Warranty for In the Box Accessories,4.2
46,"OPPO A3x 5G (Starry Purple, 128 GB)","₹12,499",4 GB RAM | 128 GB ROM | Expandable Upto 2 TB16.94 cm (6.67 inch) HD+ Display8MP Rear Camera | 5MP Front Camera5100 mAh BatteryDimensity 6300 Processor1 Year Manufacturer Warranty for Device and 6 Months Manufacturer Warranty for Inbox Accessories,4.2
47,"REDMI 14C 5G (Starlight Blue, 128 GB)","₹11,447",6 GB RAM | 128 GB ROM | Expandable Upto 1 TB17.48 cm (6.88 inch) HD+ Display50MP Rear Camera | 8MP Front Camera5160 mAh Battery4 Gen 2 5G Processor1 Year Manufacturer Warranty for Phone and 6 Months Warranty for In the Box Accessories,4.2
48,"realme 12x 5G (Twilight Purple, 128 GB)","₹13,499",8 GB RAM | 128 GB ROM | Expandable Upto 2 TB17.07 cm (6.72 inch) Full HD+ Display50MP + 2MP | 8MP Front Camera5000 mAh BatteryDimensity 6100+ Processor1 Year Manufacturer Warranty for Device and 6 Months Manufacturer Warranty for Inbox Accessories,4.4
49,"realme Narzo N65 5G (Ambr Gold, 128 GB)","₹10,799",6 GB RAM | 128 GB ROM16.94 cm (6.67 inch) Display50MP Rear Camera5000 mAh Battery1 Year,4.3
50,"realme 12x 5G (Green, 128 GB)","₹11,999",4 GB RAM | 128 GB ROM | Expandable Upto 2 TB17.07 cm (6.72 inch) Full HD+ Display50MP + 2MP | 8MP Front Camera5000 mAh BatteryDimensity 6100+ Processor1 Year Manufacturer Warranty for Device and 6 Months Manufacturer Warranty for Inbox Accessories,4.1
51,"REDMI 14C 5G (Stardust Purple, 128 GB)","₹11,699",6 GB RAM | 128 GB ROM | Expandable Upto 1 TB17.48 cm (6.88 inch) HD+ Display50MP Rear Camera | 8MP Front Camera5160 mAh Battery4 Gen 2 5G Processor1 Year Manufacturer Warranty for Phone and 6 Months Warranty for In the Box Accessories,4.2
52,Pious M18 Dual Sim Mobile Phone with 3000 mAh Big Battery & Wireless FM Radio,₹934,32 MB RAM | 32 MB ROM4.57 cm (1.8 inch) Display0.3MP Rear Camera3000 mAh Battery1 year manufacturer's warranty.,3.7
53,"vivo T2x 5G (Aurora Gold, 128 GB)","₹12,999",6 GB RAM | 128 GB ROM16.71 cm (6.58 inch) Full HD+ Display50MP + 2MP | 8MP Front Camera5000 mAh BatteryMediatek Dimensity 6020 Processor1 Year of Device & 6 Months for Inbox Accessories,4.4
54,"IQOO Z6 Lite 5G (Stellar Green, 128 GB)","₹13,990",6 GB RAM | 128 GB ROM16.97 cm (6.68 inch) Display50MP Rear Camera5000 mAh Battery1 Year,4.3
55,"POCO M6 5G (Polaris Green, 256 GB)","₹13,499",8 GB RAM | 256 GB ROM | Expandable Upto 1 TB17.12 cm (6.74 inch) HD+ Display50MP Rear Camera | 5MP Front Camera5000 mAh BatteryMediatek Dimensity 6100+ Processor1 Year Manufacturer Warranty for Phone and 6 Months Warranty for In the Box Accessories,4.2
56,"vivo T2x 5G (Black Gladiator, 128 GB)","₹12,999",6 GB RAM | 128 GB ROM16.71 cm (6.58 inch) Full HD+ Display50MP + 2MP | 8MP Front Camera5000 mAh BatteryMediatek Dimensity 6020 Processor1 Year of Device & 6 Months for Inbox Accessories,4.4
57,"vivo T2x 5G (Sunstone Orange, 128 GB)","₹11,999",4 GB RAM | 128 GB ROM16.71 cm (6.58 inch) Full HD+ Display50MP + 2MP | 8MP Front Camera5000 mAh BatteryMediatek Dimensity 6020 Processor1 Year of Device & 6 Months for Inbox Accessories,4.4
58,"realme C67 5G (Sunny Oasis, 128 GB)","₹14,999",6 GB RAM | 128 GB ROM | Expandable Upto 2 TB17.07 cm (6.72 inch) Full HD+ Display50MP + 2MP | 8MP Front Camera5000 mAh BatteryDimensity 6100+ Processor1 Year Manufacturer Warranty for Phone and 6 Months Warranty for In the Box Accessories,4.3
59,"REDMI 13C (Starshine Green, 256 GB)","₹12,999",8 GB RAM | 256 GB ROM17.12 cm (6.74 inch) Display50MP Rear Camera5000 mAh Battery1 Year,4.1
60,"REDMI 12 5G (Jade Black, 128 GB)","₹13,990",6 GB RAM | 128 GB ROM | Expandable Upto 1 TB17.25 cm (6.79 inch) Full HD+ Display50MP + 2MP | 8MP Front Camera5000 mAh BatterySnapdragon 4 Gen 2 Processor1 Year Manufacturer Warranty for Phone and 6 Months Warranty for In the Box Accessories,4.3
61,"Samsung Galaxy A06 (Light Blue, 128 GB)","₹11,499",4 GB RAM | 128 GB ROM | Expandable Upto 1 TB17.02 cm (6.7 inch) HD+ Display50MP + 2MP | 8MP Front Camera5000 mAh BatteryMediatek Helio G85 Processor1 Year Manufacturer Warranty for Device and 6 Months for In-Box Accessories,4.2
62,"REDMI 12 5G (Pastel Blue, 128 GB)","₹11,990",4 GB RAM | 128 GB ROM | Expandable Upto 1 TB17.25 cm (6.79 inch) Full HD+ Display50MP + 2MP | 8MP Front Camera5000 mAh BatterySnapdragon 4 Gen 2 Processor1 Year Manufacturer Warranty for Phone and 6 Months Warranty for In the Box Accessories,4.3
63,"REDMI 12 5G (Moonstone Silver, 256 GB)","₹14,499",8 GB RAM | 256 GB ROM | Expandable Upto 1 TB17.25 cm (6.79 inch) Full HD+ Display50MP + 2MP | 8MP Front Camera5000 mAh BatterySnapdragon 4 Gen 2 Processor1 Year Manufacturer Warranty for Phone and 6 Months Warranty for In the Box Accessories,4.2
64,"POCO M6 Pro 5G (Power Black, 128 GB)","₹12,999",6 GB RAM | 128 GB ROM | Expandable Upto 1 TB17.25 cm (6.79 inch) Full HD+ Display50MP + 2MP | 8MP Front Camera5000 mAh BatterySnapdragon 4 Gen 2 Processor1 Year Manufacturer Warranty for Phone and 6 Months Warranty for In the Box Accessories,4.2
65,"realme C67 5G (Sunny Oasis, 128 GB)","₹13,999",4 GB RAM | 128 GB ROM | Expandable Upto 2 TB17.07 cm (6.72 inch) Full HD+ Display50MP + 2MP | 8MP Front Camera5000 mAh BatteryDimensity 6100+ Processor1 Year Manufacturer Warranty for Phone and 6 Months Warranty for In the Box Accessories,4.4
66,"REDMI 12 5G (Pastel Blue, 128 GB)","₹12,499",6 GB RAM | 128 GB ROM | Expandable Upto 1 TB17.25 cm (6.79 inch) Full HD+ Display50MP + 2MP | 8MP Front Camera5000 mAh BatterySnapdragon 4 Gen 2 Processor1 Year Manufacturer Warranty for Phone and 6 Months Warranty for In the Box Accessories,4.3
67,"POCO M6 Pro 5G (Forest Green, 128 GB)","₹12,999",6 GB RAM | 128 GB ROM | Expandable Upto 1 TB17.25 cm (6.79 inch) Full HD+ Display50MP + 2MP | 8MP Front Camera5000 mAh BatterySnapdragon 4 Gen 2 Processor1 Year Manufacturer Warranty for Phone and 6 Months Warranty for In the Box Accessories,4.2
68,"realme 10 (Rush Black, 128 GB)","₹12,999",8 GB RAM | 128 GB ROM | Expandable Upto 1 TB16.26 cm (6.4 inch) Full HD+ Display50MP + 2MP | 16MP Front Camera5000 mAh BatteryMediatek Helio G99 Octa Core Processor1 Year Manufacturer Warranty for Phone and 6 Months Warranty for In-Box Accessories,4.3
69,"Motorola g45 5G (Pink Lavender, 128 GB)","₹11,999",8 GB RAM | 128 GB ROM | Expandable Upto 1 TB16.51 cm (6.5 inch) HD+ Display50MP + 2MP | 16MP Front Camera5000 mAh BatterySnapdragon 6s Gen 3 Processor1 Year Warranty on Handset and 6 Months Warranty on Accessories,4.3
70,"Motorola g45 5G (Brilliant Blue, 128 GB)","₹11,999",8 GB RAM | 128 GB ROM | Expandable Upto 1 TB16.51 cm (6.5 inch) HD+ Display50MP + 2MP | 16MP Front Camera5000 mAh BatterySnapdragon 6s Gen 3 Processor1 Year Warranty on Handset and 6 Months Warranty on Accessories,4.3
71,"POCO M7 Pro 5G (Lavender Frost, 256 GB)","₹14,999",8 GB RAM | 256 GB ROM16.94 cm (6.67 inch) Full HD+ Display50MP + 2MP | 20MP Front Camera5110 mAh BatteryDimensity 7025 Ultra Processor1 Year Manufacturer Warranty for Phone and 6 Months Warranty for In the Box Accessories,4.3
72,Pious M18 Dual Sim Mobile Phone with 3000 mAh Big Battery & Wireless FM Radio,₹934,32 MB RAM | 32 MB ROM4.57 cm (1.8 inch) Display0.3MP Rear Camera3000 mAh Battery1 year manufacturer's warranty.,3.7
73,"REDMI 12 5G (Pastel Blue, 128 GB)","₹11,990",4 GB RAM | 128 GB ROM | Expandable Upto 1 TB17.25 cm (6.79 inch) Full HD+ Display50MP + 2MP | 8MP Front Camera5000 mAh BatterySnapdragon 4 Gen 2 Processor1 Year Manufacturer Warranty for Phone and 6 Months Warranty for In the Box Accessories,4.3
74,"REDMI 12 5G (Moonstone Silver, 256 GB)","₹14,499",8 GB RAM | 256 GB ROM | Expandable Upto 1 TB17.25 cm (6.79 inch) Full HD+ Display50MP + 2MP | 8MP Front Camera5000 mAh BatterySnapdragon 4 Gen 2 Processor1 Year Manufacturer Warranty for Phone and 6 Months Warranty for In the Box Accessories,4.2
75,"realme C67 5G (Sunny Oasis, 128 GB)","₹13,999",4 GB RAM | 128 GB ROM | Expandable Upto 2 TB17.07 cm (6.72 inch) Full HD+ Display50MP + 2MP | 8MP Front Camera5000 mAh BatteryDimensity 6100+ Processor1 Year Manufacturer Warranty for Phone and 6 Months Warranty for In the Box Accessories,4.4
76,"vivo Y27 (Burgundy Black, 128 GB)","₹12,399",6 GB RAM | 128 GB ROM16.87 cm (6.64 inch) Full HD+ Display50MP + 2MP | 8MP Front Camera5000 mAh BatteryHelio G85 Processor1 Year Manufacturer Warranty for Phone and 6 Months Warranty for In the Box Accessories,4.2
77,"realme 10 (Rush Black, 128 GB)","₹12,999",8 GB RAM | 128 GB ROM | Expandable Upto 1 TB16.26 cm (6.4 inch) Full HD+ Display50MP + 2MP | 16MP Front Camera5000 mAh BatteryMediatek Helio G99 Octa Core Processor1 Year Manufacturer Warranty for Phone and 6 Months Warranty for In-Box Accessories,4.3
78,"REDMI 12 5G (Jade Black, 128 GB)","₹12,499",6 GB RAM | 128 GB ROM | Expandable Upto 1 TB17.25 cm (6.79 inch) Full HD+ Display50MP + 2MP | 8MP Front Camera5000 mAh BatterySnapdragon 4 Gen 2 Processor1 Year Manufacturer Warranty for Phone and 6 Months Warranty for In the Box Accessories,4.3
79,"REDMI 12 5G (Pastel Blue, 128 GB)","₹12,499",6 GB RAM | 128 GB ROM | Expandable Upto 1 TB17.25 cm (6.79 inch) Full HD+ Display50MP + 2MP | 8MP Front Camera5000 mAh BatterySnapdragon 4 Gen 2 Processor1 Year Manufacturer Warranty for Phone and 6 Months Warranty for In the Box Accessories,4.3
80,"POCO M6 Pro 5G (Forest Green, 128 GB)","₹12,999",6 GB RAM | 128 GB ROM | Expandable Upto 1 TB17.25 cm (6.79 inch) Full HD+ Display50MP + 2MP | 8MP Front Camera5000 mAh BatterySnapdragon 4 Gen 2 Processor1 Year Manufacturer Warranty for Phone and 6 Months Warranty for In the Box Accessories,4.2
81,"Samsung Galaxy F14 5G (GOAT Green, 128 GB)","₹13,490","6 GB RAM | 128 GB ROM | Expandable Upto 1 TB16.76 cm (6.6 inch) Full HD+ Display50MP + 2MP | 13MP Front Camera6000 mAh BatteryExynos 1330, Octa Core Processor1 Year Manufacturer Warranty for Device and 6 Months Manufacturer Warranty for In-Box Accessories",4.2
82,"realme C67 5G (Dark Purple, 128 GB)","₹13,999",4 GB RAM | 128 GB ROM | Expandable Upto 2 TB17.07 cm (6.72 inch) Full HD+ Display50MP + 2MP | 8MP Front Camera5000 mAh BatteryDimensity 6100+ Processor1 Year Manufacturer Warranty for Phone and 6 Months Warranty for In the Box Accessories,4.4
83,"vivo T2x 5G (Black, 128 GB)","₹12,999",6 GB RAM | 128 GB ROM16.71 cm (6.58 inch) Full HD+ Display50MP + 2MP | 8MP Front Camera5000 mAh BatteryMediatek Dimensity 6020 Processor1 Year of Device & 6 Months for Inbox Accessories,4.4
84,"Motorola G62 5G (Midnight Gray, 128 GB)","₹10,999",6 GB RAM | 128 GB ROM16.64 cm (6.55 inch) Full HD+ Display50MP + 8MP + 2MP | 16MP Front Camera5000 mAh Lithium Polymer BatteryQualcomm Snapdragon 695 5G Processor1 Year on Handset and 6 Months on Accessories,4.2
85,"REDMI 12 5G (Jade Black, 128 GB)","₹15,999",4 GB RAM | 128 GB ROM | Expandable Upto 1 TB17.25 cm (6.79 inch) Full HD+ Display50MP + 2MP | 8MP Front Camera5000 mAh BatterySnapdragon 4 Gen 2 Processor1 Year Manufacturer Warranty for Phone and 6 Months Warranty for In the Box Accessories,4.3
86,"Infinix Note 30 5G (Sunset Gold, 128 GB)","₹14,999",4 GB RAM | 128 GB ROM | Expandable Upto 2 TB17.22 cm (6.78 inch) Full HD+ Display108 MP + 2 MP+ AI Lens | 16MP Front Camera5000 mAh Li-ion Polymer BatteryDimensity 6080 Processor1 Year on Handset and 6 Months on Accessories,4.2
87,"vivo T2x 5G (Marine Blue, 128 GB)","₹12,999",6 GB RAM | 128 GB ROM16.71 cm (6.58 inch) Full HD+ Display50MP + 2MP | 8MP Front Camera5000 mAh BatteryMediatek Dimensity 6020 Processor1 Year of Device & 6 Months for Inbox Accessories,4.4
88,"POCO M6 Pro 5G (Power Black, 256 GB)","₹14,999",8 GB RAM | 256 GB ROM | Expandable Upto 1 TB17.25 cm (6.79 inch) Full HD+ Display50MP + 2MP | 8MP Front Camera5000 mAh BatterySnapdragon 4 Gen 2 Processor1 Year Manufacturer Warranty for Phone and 6 Months Warranty for In the Box Accessories,4.2
89,"Motorola g45 5G (Pink Lavender, 128 GB)","₹11,999",8 GB RAM | 128 GB ROM | Expandable Upto 1 TB16.51 cm (6.5 inch) HD+ Display50MP + 2MP | 16MP Front Camera5000 mAh BatterySnapdragon 6s Gen 3 Processor1 Year Warranty on Handset and 6 Months Warranty on Accessories,4.3
90,"Motorola g45 5G (Brilliant Blue, 128 GB)","₹11,999",8 GB RAM | 128 GB ROM | Expandable Upto 1 TB16.51 cm (6.5 inch) HD+ Display50MP + 2MP | 16MP Front Camera5000 mAh BatterySnapdragon 6s Gen 3 Processor1 Year Warranty on Handset and 6 Months Warranty on Accessories,4.3
91,"POCO M7 Pro 5G (Lavender Frost, 256 GB)","₹14,999",8 GB RAM | 256 GB ROM16.94 cm (6.67 inch) Full HD+ Display50MP + 2MP | 20MP Front Camera5110 mAh BatteryDimensity 7025 Ultra Processor1 Year Manufacturer Warranty for Phone and 6 Months Warranty for In the Box Accessories,4.3
92,"POCO M6 Plus 5G (Ice Silver, 128 GB)","₹10,080",6 GB RAM | 128 GB ROM | Expandable Upto 1 TB17.25 cm (6.79 inch) Full HD+ Display108MP + 2MP | 13MP Front Camera5030 mAh BatterySnapdragon 4 Gen2 AE Processor1 Year Manufacturer Warranty for Phone and 6 Months Warranty for In the Box Accessories,4.2
93,"Samsung Galaxy F16 5G (Vibing Blue, 128 GB)","₹11,999",4 GB RAM | 128 GB ROM16.91 cm (6.657 inch) Full HD+ Display50MP + 5MP + 2MP | 13MP Front Camera5000 mAh BatteryDimensity 6300 Processor1 Year Manufacturer Warranty for Device and 6 Months for In-Box Accessories,4.2
94,"Samsung Galaxy F16 5G (Vibing Blue, 128 GB)","₹14,999",8 GB RAM | 128 GB ROM16.91 cm (6.657 inch) Full HD+ Display50MP + 5MP + 2MP | 13MP Front Camera5000 mAh BatteryDimensity 6300 Processor1 Year Manufacturer Warranty for Device and 6 Months for In-Box Accessories,4.2
95,"POCO M7 Pro 5G (Olive Twilight, 256 GB)","₹14,999",8 GB RAM | 256 GB ROM16.94 cm (6.67 inch) Full HD+ Display50MP + 2MP | 20MP Front Camera5110 mAh BatteryDimensity 7025 Ultra Processor1 Year Manufacturer Warranty for Phone and 6 Months Warranty for In the Box Accessories,4.3
96,Pious M18 Dual Sim Mobile Phone with 3000 mAh Big Battery & Wireless FM Radio,₹934,32 MB RAM | 32 MB ROM4.57 cm (1.8 inch) Display0.3MP Rear Camera3000 mAh Battery1 year manufacturer's warranty.,3.7
97,"Samsung Galaxy F16 5G (Bling Black, 128 GB)","₹13,499",6 GB RAM | 128 GB ROM16.91 cm (6.657 inch) Full HD+ Display50MP + 5MP + 2MP | 13MP Front Camera5000 mAh BatteryDimensity 6300 Processor1 Year Manufacturer Warranty for Device and 6 Months for In-Box Accessories,4.2
98,"Motorola g64 5G (Ice Lilac, 128 GB)","₹13,999",8 GB RAM | 128 GB ROM | Expandable Upto 1 TB16.51 cm (6.5 inch) Full HD+ Display50MP (OIS) + 8MP | 16MP Front Camera6000 mAh BatteryDimensity 7025 Processor1 Year on Handset and 6 Months on Accessories,4.3
99,"Infinix Hot 50 5G (Sage Green, 128 GB)","₹10,499",8 GB RAM | 128 GB ROM | Expandable Upto 1 TB17.02 cm (6.7 inch) HD+ Display48MP + Depth Sensor | 8MP Front Camera5000 mAh Lithium-ion Polymer BatteryDimensity 6300 Processor1 Year Warranty on Handset and 6 Months Warranty on Accessories,4.4
100,"REDMI 14C 5G (Stargaze Black, 128 GB)","₹11,499",6 GB RAM | 128 GB ROM | Expandable Upto 1 TB17.48 cm (6.88 inch) HD+ Display50MP Rear Camera | 8MP Front Camera5160 mAh Battery4 Gen 2 5G Processor1 Year Manufacturer Warranty for Phone and 6 Months Warranty for In the Box Accessories,4.2
101,"Motorola g64 5G (Mint Green, 128 GB)","₹13,999",8 GB RAM | 128 GB ROM | Expandable Upto 1 TB16.51 cm (6.5 inch) Full HD+ Display50MP (OIS) + 8MP | 16MP Front Camera6000 mAh BatteryDimensity 7025 Processor1 Year on Handset and 6 Months on Accessories,4.3
102,"realme C63 5G Charger in the Box (Starry Gold, 128 GB)","₹10,999",6 GB RAM | 128 GB ROM | Expandable Upto 2 TB16.94 cm (6.67 inch) HD+ Display32MP Rear Camera | 8MP Front Camera5000 mAh BatteryDimensity 6300 Processor1 Year Manufacturer Warranty for Device and 6 Months Manufacturer Warranty for Inbox Accessories,4.5
103,"Infinix Note 40X 5G (Lime Green, 256 GB)","₹12,999",8 GB RAM | 256 GB ROM | Expandable Upto 1 TB17.22 cm (6.78 inch) Full HD+ Display108MP + 2MP + AI Lens | 8MP Front Camera5000 mAh Lithium-ion Polymer BatteryDimensity 6300 Processor1 Year Warranty on Handset and 6 Months Warranty on Accessories,4.2
104,"Infinix Note 50x 5G+ (Titanium Grey, 128 GB)","₹11,499",6 GB RAM | 128 GB ROM16.94 cm (6.67 inch) HD+ Display50MP + AI Lens | 8MP Front Camera5500 mAh BatteryDimensity 7300 Ultimate Processor1 Year Warranty on the Handset and 6 Months Warranty on the In-box Accessories,4.3
105,"Infinix Note 50x 5G+ (Enchanted Purple, 128 GB)","₹12,999",8 GB RAM | 128 GB ROM16.94 cm (6.67 inch) HD+ Display50MP + AI Lens | 8MP Front Camera5500 mAh BatteryDimensity 7300 Ultimate Processor1 Year Warranty on the Handset and 6 Months Warranty on the In-box Accessories,4.3
106,"Mi 11 Lite (Vinyl Black, 128 GB)","₹12,880",8 GB RAM | 128 GB ROM | Expandable Upto 512 GB16.64 cm (6.55 inch) Full HD+ Display64MP + 8MP + 5MP | 16MP Front Camera4250 mAh Li-Polymer BatteryQualcomm Snapdragon 732G Processor1 Year Manufacturer Warranty for Handset and 6 Months Warranty for In the Box Accessories,4.2
107,"Samsung Galaxy F06 5G (Bahama Blue, 64 GB)","₹12,499",4 GB RAM | 64 GB ROM | Expandable Upto 1500 GB17.02 cm (6.7 inch) HD+ Display50MP + 2MP | 8MP Front Camera5000 mAh BatteryDimensity 6300 Processor1 Year Manufacturer Warranty for Device and 6 Months for In-Box Accessories,4.1
108,"Infinix Note 40X 5G (Starlit Black, 256 GB)","₹13,999",12 GB RAM | 256 GB ROM | Expandable Upto 1 TB17.22 cm (6.78 inch) Full HD+ Display108MP + 2MP + AI Lens | 8MP Front Camera5000 mAh Lithium-ion Polymer BatteryDimensity 6300 Processor1 Year Warranty on Handset and 6 Months Warranty on Accessories,4.3
109,"Infinix Note 50x 5G+ (Titanium Grey, 128 GB)","₹12,999",8 GB RAM | 128 GB ROM16.94 cm (6.67 inch) HD+ Display50MP + AI Lens | 8MP Front Camera5500 mAh BatteryDimensity 7300 Ultimate Processor1 Year Warranty on the Handset and 6 Months Warranty on the In-box Accessories,4.3
110,"Tecno Pova 6 Neo 5G (Aurora Cloud, 128 GB)","₹11,999",6 GB RAM | 128 GB ROM | Expandable Upto 1 TB16.94 cm (6.67 inch) Display108MP Rear Camera | 8MP Front Camera5000 mAh BatteryDimensity 6300 5G Processor1 Year Manufacturer Warranty for Phone,4.3
111,"realme C35 (Glowing Black, 128 GB)","₹7,998",4 GB RAM | 128 GB ROM | Expandable Upto 1 TB16.76 cm (6.6 inch) Full HD+ Display50MP + 2MP + 0.3MP | 8MP Front Camera5000 mAh Lithium Polymer BatteryUnisoc Tiger T616 Processor1 Year Warranty for Phone and 6 Months Warranty for In-Box Accessories,4.4
112,"realme C63 5G Charger in the Box (Starry Gold, 128 GB)","₹10,999",4 GB RAM | 128 GB ROM | Expandable Upto 2 TB16.94 cm (6.67 inch) HD+ Display32MP Rear Camera | 8MP Front Camera5000 mAh BatteryDimensity 6300 Processor1 Year Manufacturer Warranty for Device and 6 Months Manufacturer Warranty for Inbox Accessories,4.4
113,"realme P1 5G (Peacock Green, 128 GB)","₹14,999",8 GB RAM | 128 GB ROM | Expandable Upto 2 TB16.94 cm (6.67 inch) Full HD+ Display50MP + 2MP | 16MP Front Camera5000 mAh BatteryDimensity 7050 Processor1 Year Manufacturer Warranty for Device and 6 Months Manufacturer Warranty for Inbox Accessories,4.4
114,"realme P1 Speed 5G (Textured Titanium, 128 GB)","₹14,748",8 GB RAM | 128 GB ROM | Expandable Upto 2 TB16.94 cm (6.67 inch) Full HD+ Display50MP + 2MP | 16MP Front Camera5000 mAh BatteryDimensity 7300 Energy Processor1 Year Manufacturer Warranty for Device and 6 Months Manufacturer Warranty for Inbox Accessories,4.3
115,"Infinix Hot 50 5G (Sleek Black, 128 GB)","₹10,499",8 GB RAM | 128 GB ROM | Expandable Upto 1 TB17.02 cm (6.7 inch) HD+ Display48MP + Depth Sensor | 8MP Front Camera5000 mAh Lithium-ion Polymer BatteryDimensity 6300 Processor1 Year Warranty on Handset and 6 Months Warranty on Accessories,4.4
116,"Samsung Galaxy A06 5G (Light Green, 128 GB)","₹14,500",6 GB RAM | 128 GB ROM17.02 cm (6.7 inch) HD+ Display50MP + 2MP | 8MP Front Camera5000 mAh Li-ion BatteryDimensity 6300 Processor1 Year Manufacturer Warranty for Device and 6 Months for In-Box Accessories,4
117,"Samsung Galaxy A16 5G (Gold, 128 GB)","₹14,985",6 GB RAM | 128 GB ROM17.02 cm (6.7 inch) Full HD+ Display50MP + 5MP + 2MP | 13MP Front Camera5000 mAh BatteryDimensity 6300 Processor1 Year Manufacturer Warranty for Device and 6 Months for Inbox Accessories,4.2
118,"Tecno Pova 6 Neo 5G (Aurora Cloud, 256 GB)","₹13,999",8 GB RAM | 256 GB ROM | Expandable Upto 1 TB16.94 cm (6.67 inch) Display108MP Rear Camera | 8MP Front Camera5000 mAh BatteryDimensity 6300 5G Processor1 Year Manufacturer Warranty for Phone,4
119,"Samsung Galaxy A16 5G (Blue Black, 128 GB)","₹14,580",6 GB RAM | 128 GB ROM17.02 cm (6.7 inch) Full HD+ Display50MP + 5MP + 2MP | 13MP Front Camera5000 mAh BatteryDimensity 6300 Processor1 Year Manufacturer Warranty for Device and 6 Months for Inbox Accessories,4.2
120,"REDMI 12 5G (Jade Black, 128 GB)","₹13,990",6 GB RAM | 128 GB ROM | Expandable Upto 1 TB17.25 cm (6.79 inch) Full HD+ Display50MP + 2MP | 8MP Front Camera5000 mAh BatterySnapdragon 4 Gen 2 Processor1 Year Manufacturer Warranty for Phone and 6 Months Warranty for In the Box Accessories,4.3
121,"Samsung Galaxy F15 5G (Jazzy Green, 128 GB)","₹12,499",4 GB RAM | 128 GB ROM | Expandable Upto 1 TB16.51 cm (6.5 inch) Full HD+ Display50MP + 5MP + 2MP | 13MP Front Camera6000 mAh Lithium ion BatteryMediaTek Dimensity 6100+ Processor1 Year Manufacturer Warranty for Device and 6 Months Manufacturer Warranty for In-Box Accessories,4.2
122,"realme NARZO 70X 5G (Ice Blue, 128 GB)","₹14,999","8 GB RAM | 128 GB ROM17.07 cm (6.72 inch) Display50MP Rear Camera5000 mAh BatteryDimensity 6100 Plus, Octa Core Processor1 Year Domestic Warranty for Phone and 6 Months Warranty for In-Box Accessories",4.3
123,Pious M18 Dual Sim Mobile Phone with 3000 mAh Big Battery & Wireless FM Radio,₹934,32 MB RAM | 32 MB ROM4.57 cm (1.8 inch) Display0.3MP Rear Camera3000 mAh Battery1 year manufacturer's warranty.,3.7
124,"realme C35 (Glowing Green, 128 GB)","₹11,999",6 GB RAM | 128 GB ROM | Expandable Upto 1 TB16.76 cm (6.6 inch) Full HD+ Display50MP + 2MP + 0.3MP | 8MP Front Camera5000 mAh Lithium Polymer BatteryUnisoc Tiger T616 Processor1 Year Warranty for Phone and 6 Months Warranty for In-Box Accessories,4.3
125,"realme C35 (Glowing Green, 128 GB)","₹10,999",4 GB RAM | 128 GB ROM | Expandable Upto 1 TB16.76 cm (6.6 inch) Full HD+ Display50MP + 2MP + 0.3MP | 8MP Front Camera5000 mAh Lithium Polymer BatteryUnisoc Tiger T616 Processor1 Year Warranty for Phone and 6 Months Warranty for In-Box Accessories,4.4
126,"realme C35 (Glowing Black, 128 GB)","₹11,999",6 GB RAM | 128 GB ROM | Expandable Upto 1 TB16.76 cm (6.6 inch) Full HD+ Display50MP + 2MP + 0.3MP | 8MP Front Camera5000 mAh Lithium Polymer BatteryUnisoc Tiger T616 Processor1 Year Warranty for Phone and 6 Months Warranty for In-Box Accessories,4.3
127,"REDMI 14C 5G (Stargaze Black, 128 GB)","₹10,499",4 GB RAM | 128 GB ROM | Expandable Upto 1 TB17.48 cm (6.88 inch) HD+ Display50MP Rear Camera | 8MP Front Camera5160 mAh Battery4 Gen 2 5G Processor1 Year Manufacturer Warranty for Phone and 6 Months Warranty for In the Box Accessories,4.2
128,"REDMI 14C 5G (Stardust Purple, 128 GB)","₹10,499",4 GB RAM | 128 GB ROM | Expandable Upto 1 TB17.48 cm (6.88 inch) HD+ Display50MP Rear Camera | 8MP Front Camera5160 mAh Battery4 Gen 2 5G Processor1 Year Manufacturer Warranty for Phone and 6 Months Warranty for In the Box Accessories,4.2
129,"REDMI 14C 5G (Starlight Blue, 128 GB)","₹11,499",6 GB RAM | 128 GB ROM | Expandable Upto 1 TB17.48 cm (6.88 inch) HD+ Display50MP Rear Camera | 8MP Front Camera5160 mAh Battery4 Gen 2 5G Processor1 Year Manufacturer Warranty for Phone and 6 Months Warranty for In the Box Accessories,4.2
130,"REDMI 14C 5G (Starlight Blue, 128 GB)","₹10,499",4 GB RAM | 128 GB ROM | Expandable Upto 1 TB17.48 cm (6.88 inch) HD+ Display50MP Rear Camera | 8MP Front Camera5160 mAh Battery4 Gen 2 5G Processor1 Year Manufacturer Warranty for Phone and 6 Months Warranty for In the Box Accessories,4.2
131,"POCO M6 Plus 5G (Ice Silver, 128 GB)","₹14,499",8 GB RAM | 128 GB ROM | Expandable Upto 1 TB17.25 cm (6.79 inch) Full HD+ Display108MP + 2MP | 13MP Front Camera5030 mAh BatterySnapdragon 4 Gen2 AE Processor1 Year Manufacturer Warranty for Phone and 6 Months Warranty for In the Box Accessories,4.2
132,"Samsung Galaxy A06 (Gold, 64 GB)","₹7,999",4 GB RAM | 64 GB ROM | Expandable Upto 1 TB17.02 cm (6.7 inch) HD+ Display50MP + 2MP | 8MP Front Camera5000 mAh BatteryMediatek Helio G85 Processor1 Year Manufacturer Warranty for Device and 6 Months for In-Box Accessories,4.2
133,"REDMI 12 5G (Moonstone Silver, 128 GB)","₹14,790",6 GB RAM | 128 GB ROM | Expandable Upto 1 TB17.25 cm (6.79 inch) Full HD+ Display50MP + 2MP | 8MP Front Camera5000 mAh BatterySnapdragon 4 Gen 2 Processor1 Year Manufacturer Warranty for Phone and 6 Months Warranty for In the Box Accessories,4.3
134,"POCO M6 5G (Galactic Black, 64 GB)","₹11,999",4 GB RAM | 64 GB ROM | Expandable Upto 1 TB17.12 cm (6.74 inch) HD+ Display50MP Rear Camera | 5MP Front Camera5000 mAh BatteryMediatek Dimensity 6100+ Processor1 Year Manufacturer Warranty for Phone and 6 Months Warranty for In the Box Accessories,4.2
135,"vivo T2x 5G (Glimmer Black, 128 GB)","₹14,990",8 GB RAM | 128 GB ROM16.71 cm (6.58 inch) Full HD+ Display50MP + 2MP | 8MP Front Camera5000 mAh BatteryMediatek Dimensity 6020 Processor1 Year of Device & 6 Months for Inbox Accessories,4.4
136,"Tecno Camon 20 Pro (Dark Welkin, 128 GB)","₹14,999",8 GB RAM | 128 GB ROM | Expandable Upto 1 TB16.94 cm (6.67 inch) Full HD+ Display64MP + 2MP + 2MP | 32MP Front Camera5000 mAh BatteryMediatek Dimensity 8050 Processor1 Year Manufacturer Warranty for Device and 6 Months Manufacturer Warranty for In-Box Accessories,4.1
137,"POCO M7 Pro 5G (Lunar Dust, 256 GB)","₹14,999",8 GB RAM | 256 GB ROM16.94 cm (6.67 inch) Full HD+ Display50MP + 2MP | 20MP Front Camera5110 mAh BatteryDimensity 7025 Ultra Processor1 Year Manufacturer Warranty for Phone and 6 Months Warranty for In the Box Accessories,4.3
138,"vivo T2x 5G (Aurora Gold, 128 GB)","₹12,999",6 GB RAM | 128 GB ROM16.71 cm (6.58 inch) Full HD+ Display50MP + 2MP | 8MP Front Camera5000 mAh BatteryMediatek Dimensity 6020 Processor1 Year of Device & 6 Months for Inbox Accessories,4.4
139,"REDMI 12 5G (Jade Black, 128 GB)","₹10,990",4 GB RAM | 128 GB ROM | Expandable Upto 1 TB17.25 cm (6.79 inch) Full HD+ Display50MP + 2MP | 8MP Front Camera5000 mAh BatterySnapdragon 4 Gen 2 Processor1 Year Manufacturer Warranty for Phone and 6 Months Warranty for In the Box Accessories,4.3
140,"vivo Y22 (Metaverse Green, 64 GB)","₹14,499",4 GB RAM | 64 GB ROM | Expandable Upto 1 TB16.64 cm (6.55 inch) HD+ Display50MP + 2MP | 8MP Front Camera5000 mAh Lithium BatteryMediatek Helio G70 Processor1 Year of Device & 6 Months for In-Box Accessories,4.3
141,"POCO M6 Plus 5G (Graphite Black, 128 GB)","₹14,499",8 GB RAM | 128 GB ROM | Expandable Upto 1 TB17.25 cm (6.79 inch) Full HD+ Display108MP + 2MP | 13MP Front Camera5030 mAh BatterySnapdragon 4 Gen2 AE Processor1 Year Manufacturer Warranty for Phone and 6 Months Warranty for In the Box Accessories,4.2
142,"Tecno Spark 10 5G (Meta White, 256 GB)","₹12,490",8 GB RAM | 256 GB ROM | Expandable Upto 1 TB16.76 cm (6.6 inch) HD+ Display50MP Rear Camera | 8MP Front Camera50000 mAh BatteryMediatek Dimensity 6020 Processor1 Year Manufacturer Warranty for Device and 6 Months Manufacturer Warranty for In-Box Accessories,4.2
143,"REDMI 14C 5G (Stargaze Black, 64 GB)","₹9,988",4 GB RAM | 64 GB ROM | Expandable Upto 1 TB17.48 cm (6.88 inch) HD+ Display50MP Rear Camera | 8MP Front Camera5160 mAh Battery4 Gen 2 5G Processor1 Year Manufacturer Warranty for Phone and 6 Months Warranty for In the Box Accessories,4.2
144,"Samsung Galaxy F13 (Waterfall Blue, 128 GB)","₹11,999",4 GB RAM | 128 GB ROM | Expandable Upto 1 TB16.76 cm (6.6 inch) Full HD+ Display50MP + 5MP + 2MP | 8MP Front Camera6000 mAh Lithium Ion BatteryExynos 850 Processor1 Year Warranty Provided By the Manufacturer from Date of Purchase,4.3
145,"LAVA Blaze 3 5G (Glass Blue, 128 GB)","₹10,398",6 GB RAM | 128 GB ROM16.66 cm (6.56 inch) Display50MP Rear Camera5000 mAh Battery1 Year Handset Warranty and 6 Months Warranty on Accessories,4
146,Pious M18 Dual Sim Mobile Phone with 3000 mAh Big Battery & Wireless FM Radio,₹934,32 MB RAM | 32 MB ROM4.57 cm (1.8 inch) Display0.3MP Rear Camera3000 mAh Battery1 year manufacturer's warranty.,3.7
147,"REDMI 13 5G (Black Diamond, 128 GB)","₹14,490",6 GB RAM | 128 GB ROM17.25 cm (6.79 inch) Full HD+ Display108MP Rear Camera5030 mAh BatteryQualcomm SM4450 Snapdragon 4 Gen 2 AE (4 nm) Processor1 year manufacture warranty,4.3
148,"realme C75 5G (Purple Blossom, 128 GB)","₹13,999",6 GB RAM | 128 GB ROM | Expandable Upto 2 TB16.94 cm (6.67 inch) HD+ Display32MP Rear Camera | 8MP Front Camera6000 mAh BatteryDimensity 6300 Processor1 Year Manufacturer Warranty for Device and 6 Months Manufacturer Warranty for Inbox Accessories,4.3
149,"POCO M6 5G (Orion Blue, 128 GB)","₹10,499",4 GB RAM | 128 GB ROM | Expandable Upto 1 TB17.12 cm (6.74 inch) HD+ Display50MP Rear Camera | 5MP Front Camera5000 mAh BatteryMediatek Dimensity 6100+ Processor1 Year Manufacturer Warranty for Phone and 6 Months Warranty for In the Box Accessories,4.2
150,"POCO M6 5G (Polaris Green, 128 GB)","₹11,499",6 GB RAM | 128 GB ROM | Expandable Upto 1 TB17.12 cm (6.74 inch) HD+ Display50MP Rear Camera | 5MP Front Camera5000 mAh BatteryMediatek Dimensity 6100+ Processor1 Year Manufacturer Warranty for Phone and 6 Months Warranty for In the Box Accessories,4.3
151,"Samsung Galaxy A06 5G (Black, 64 GB)","₹9,999",4 GB RAM | 64 GB ROM17.02 cm (6.7 inch) HD+ Display50MP + 2MP | 8MP Front Camera5000 mAh Li-ion BatteryDimensity 6300 Processor1 Year Manufacturer Warranty for Device and 6 Months for In-Box Accessories,4.2
152,"vivo Y22 (Metaverse Green, 128 GB)","₹12,249",4 GB RAM | 128 GB ROM | Expandable Upto 1 TB16.64 cm (6.55 inch) HD+ Display50MP + 2MP | 8MP Front Camera5000 mAh Lithium BatteryMediatek Helio G70 Processor1 Year of Device & 6 Months for In-Box Accessories,4.3
153,"REDMI 12 (Moonstone Silver, 128 GB)","₹10,490",4 GB RAM | 128 GB ROM | Expandable Upto 1 TB17.25 cm (6.79 inch) Full HD+ Display50MP + 8MP + 2MP | 8MP Front Camera5000 mAh BatteryHelio G88 Processor1 Year Manufacturer Warranty for Phone and 6 Months Warranty for in the Box Accessories,4.3
154,"Samsung Galaxy A14 5G (Dark Red, 128 GB)","₹11,999",6 GB RAM | 128 GB ROM | Expandable Upto 1 TB16.76 cm (6.6 inch) Full HD+ Display50MP + 2MP + 2MP | 13MP Front Camera5000 mAh Lithium Ion BatteryExynos 1330 Processor1 Year Manufacturer Warranty for Device and 6 Months Manufacturer Warranty for In-Box Accessories,4.2
155,"OPPO A3x 5G (Starry Purple, 128 GB)","₹12,499",4 GB RAM | 128 GB ROM | Expandable Upto 2 TB16.94 cm (6.67 inch) HD+ Display8MP Rear Camera | 5MP Front Camera5100 mAh BatteryDimensity 6300 Processor1 Year Manufacturer Warranty for Device and 6 Months Manufacturer Warranty for Inbox Accessories,4.2
156,"Alcatel V3 Classic 5G (Halo White, 128 GB)","₹12,999",4 GB RAM | 128 GB ROM | Expandable Upto 2 TB16.94 cm (6.67 inch) HD+ Display50MP Dual Camera | 8MP Front Camera5200 mAh BatteryDimensity 6300 Processor1 Year Warranty on Handset and 6 Months Warranty on in the Box Accessories,3.4
157,"OPPO A3x 5G (Sparkle Black, 128 GB)","₹12,499",4 GB RAM | 128 GB ROM | Expandable Upto 2 TB16.94 cm (6.67 inch) HD+ Display8MP + 13MP | 5MP + 5MP Dual Front Camera5100 mAh BatteryDimensity 6300 Processor1 Year Manufacturer Warranty for Device and 6 Months Manufacturer Warranty for Inbox Accessories,4.2
158,"POCO X6 Neo 5G (Astral Black, 128 GB)","₹14,199",8 GB RAM | 128 GB ROM | Expandable Upto 1 TB16.94 cm (6.67 inch) Full HD+ Display108MP + 2MP | 16MP Front Camera5000 mAh BatteryDimensity 6080 Processor1 Year Manufacturer Warranty for Phone and 6 Months Warranty for In the Box Accessories,4.2
159,"LAVA Blaze 2 5G with Dual Sim|50MP Rear Camera|5000 mAh Battery|Expandable Upto 1 TB (Glass Lavender, ...","₹10,899",6 GB RAM | 128 GB ROM16.66 cm (6.56 inch) Full HD+ Display50MP Rear Camera5000 mAh Battery1 Year Handset Warranty and 6 Months Warranty on Accessories,4.2
160,"REDMI 13c 5G (Startrail Green, 128 GB)","₹11,288",6 GB RAM | 128 GB ROM17.12 cm (6.74 inch) Display50MP Rear Camera5000 mAh Battery1 Year,4.3
161,"Samsung Galaxy A16 5G (Blue Black, 128 GB)","₹14,580",6 GB RAM | 128 GB ROM17.02 cm (6.7 inch) Full HD+ Display50MP + 5MP + 2MP | 13MP Front Camera5000 mAh BatteryDimensity 6300 Processor1 Year Manufacturer Warranty for Device and 6 Months for Inbox Accessories,4.2
162,"REDMI Note 12 (Lunar Black, 64 GB)","₹10,499",6 GB RAM | 64 GB ROM | Expandable Upto 1 TB16.94 cm (6.67 inch) Full HD+ Super AMOLED Display50MP + 8MP + 2MP | 13MP Front Camera5000 mAh BatterySnapdragon 685 Processor1 Year Manufacturer Warranty for Phone and 6 Months Warranty for In the Box Accessories,4.2
163,"POCO X6 Neo 5G (Horizon Blue, 128 GB)","₹14,490",8 GB RAM | 128 GB ROM | Expandable Upto 1 TB16.94 cm (6.67 inch) Full HD+ Display108MP + 2MP | 16MP Front Camera5000 mAh BatteryDimensity 6080 Processor1 Year Manufacturer Warranty for Phone and 6 Months Warranty for In the Box Accessories,4.2
164,"realme C31 (Dark Green, 64 GB)","₹8,999",4 GB RAM | 64 GB ROM | Expandable Upto 1 TB16.56 cm (6.52 inch) HD Display13MP + 2MP + 0.3MP | 5MP Front Camera5000 mAh BatteryUnisoc T612 Processor1 Year Warranty for Phone and 6 Months Warranty for In-Box Accessories,4.4
165,"POCO X6 Neo 5G (Martian Orange, 128 GB)","₹14,199",8 GB RAM | 128 GB ROM | Expandable Upto 1 TB16.94 cm (6.67 inch) Full HD+ Display108MP + 2MP | 16MP Front Camera5000 mAh BatteryDimensity 6080 Processor1 Year Manufacturer Warranty for Phone and 6 Months Warranty for In the Box Accessories,4.2
166,"REDMI 13C (Starshine Green, 256 GB)","₹12,999",8 GB RAM | 256 GB ROM17.12 cm (6.74 inch) Display50MP Rear Camera5000 mAh Battery1 Year,4.1
167,"LAVA Blaze X 5G (Titanium Grey, 128 GB)","₹14,999",4 GB RAM | 128 GB ROM16.94 cm (6.67 inch) Display64MP Rear Camera5000 mAh Battery1 Year Handset Warranty and 6 Months Warranty on Accessories,4.2
168,"OPPO A3 5G (Nebula Red, 128 GB)","₹13,999",6 GB RAM | 128 GB ROM | Expandable Upto 2 TB16.94 cm (6.67 inch) HD+ Display50MP Rear Camera | 5MP Front Camera5100 mAh BatteryDimensity 6300 Processor1 Year Manufacturer Warranty for Device and 6 Months Manufacturer Warranty for Inbox Accessories,4.2
169,"REDMI Note 13 5G (Stealth Black, 128 GB)","₹14,499",6 GB RAM | 128 GB ROM16.94 cm (6.67 inch) Full HD+ Display108MP Rear Camera5000 mAh Battery1 Year Brand Warranty,4.2
170,"REDMI 9 Power (Blazing Blue, 64 GB)","₹8,900",4 GB RAM | 64 GB ROM16.59 cm (6.53 inch) Full HD+ Display48MP + 8MP + 2MP + 2MP | 8MP Front Camera6000 mAh BatteryQualcomm Snapdragon 662 Processor1 year manufacturer warranty for device and 6 months manufacturer warranty for in-box accessories including batteries from the date of purchase,4.3
171,"Samsung Galaxy M15 5G (Blue Topaz, 128 GB)","₹11,899",4 GB RAM | 128 GB ROM16.51 cm (6.5 inch) Display50MP Rear Camera6000 mAh BatteryMediaTek ProcessorDomestic Warranty Of 1 Year For Handset And 6 Month For Accessories.,4.2
172,Pious M18 Dual Sim Mobile Phone with 3000 mAh Big Battery & Wireless FM Radio,₹934,32 MB RAM | 32 MB ROM4.57 cm (1.8 inch) Display0.3MP Rear Camera3000 mAh Battery1 year manufacturer's warranty.,3.7
173,"Samsung Galaxy F15 5G (Ash Black, 128 GB)","₹13,989",4 GB RAM | 128 GB ROM | Expandable Upto 1 TB16.51 cm (6.5 inch) Full HD+ Display50MP + 5MP + 2MP | 13MP Front Camera6000 mAh Lithium ion BatteryMediaTek Dimensity 6100+ Processor1 Year Manufacturer Warranty for Device and 6 Months Manufacturer Warranty for In-Box Accessories,4.2
174,"Samsung Galaxy M04 (Light Green, 64 GB)","₹11,999",4 GB RAM | 64 GB ROM16.51 cm (6.5 inch) HD+ Display13MP + 2MP | 5MP Front Camera5000 mAh BatteryMediaTek Helio P35 Processor1 year manufacturer warranty for device and 6 months manufacturer warranty for in-box accessories including batteries from the date of purchase,4.1
175,"vivo Y28s 5G (Vintage Red, 128 GB)","₹14,264",6 GB RAM | 128 GB ROM | Expandable Upto 1 TB16.66 cm (6.56 inch) Full HD+ Display50MP + 0.08MP | 8MP Front Camera5000 mAh BatteryDimensity 6300 Processor1 Year Manufacturer Warranty for Device and 6 Months Manufacturer Warranty for Inbox Accessories,4.4
176,"OPPO A59 5G (Starry Black, 128 GB)","₹14,500",4 GB RAM | 128 GB ROM | Expandable Upto 1 TB16.66 cm (6.56 inch) HD+ Display13MP + 2MP | 8MP Front Camera5000 mAh BatteryDimensity 6020 Processor1 Year Manufacturer Warranty for Phone and 6 Months Warranty for In the Box Accessories,4.3
177,"Tecno POP 9 5G (Aurora Cloud, 128 GB)","₹11,489",8 GB RAM | 128 GB ROM16.94 cm (6.67 inch) HD+ Display48MP + 2MP | 8MP Front Camera5000 mAh BatteryMediatek Dimensity 6300 Processor1 Year Manufacturer Warranty for Device and 6 Months Manufacturer Warranty for In-Box Accessories,4
178,"Tecno POP 9 5G (Midnight Shadow, 128 GB)","₹11,989",8 GB RAM | 128 GB ROM16.94 cm (6.67 inch) HD+ Display48MP + 2MP | 8MP Front Camera5000 mAh BatteryMediatek Dimensity 6300 Processor1 Year Manufacturer Warranty for Device and 6 Months Manufacturer Warranty for In-Box Accessories,4
179,"OPPO A38 (Glowing Gold, 128 GB)","₹12,740",4 GB RAM | 128 GB ROM | Expandable Upto 1 TB16.66 cm (6.56 inch) HD Display50MP + 2MP | 5MP Front Camera5000 mAh BatteryHelio G70 (MT6769) Processor1 Year Manufacturer Warranty for Phone and 6 Months Warranty for In the Box Accessories,4.3
180,"realme C65 5G (Glowing Black, 128 GB)","₹14,999",4 GB RAM | 128 GB ROM | Expandable Upto 2 TB16.94 cm (6.67 inch) HD+ Display50MP Rear Camera | 8MP Front Camera5000 mAh BatteryDimensity 6300 Processor1 Year Manufacturer Warranty for Device and 6 Months Manufacturer Warranty for Inbox Accessories,4.2
181,"vivo Y28e 5G (Breeze Green, 64 GB)","₹10,488",4 GB RAM | 64 GB ROM | Expandable Upto 1 TB16.66 cm (6.56 inch) Display13MP + 0.08MP | 5MP Front Camera5000 mAh BatteryDimensity 6300 Processor1 Year Manufacturer Warranty for Device and 6 Months Manufacturer Warranty for Inbox Accessories,4.2
182,"vivo Y22 (Starlit Blue, 64 GB)","₹11,990",4 GB RAM | 64 GB ROM | Expandable Upto 1 TB16.64 cm (6.55 inch) HD+ Display50MP + 2MP | 8MP Front Camera5000 mAh Lithium BatteryMediatek Helio G70 Processor1 Year of Device & 6 Months for In-Box Accessories,4.3
183,"realme C55 (Rainy Night, 128 GB)","₹13,689",8 GB RAM | 128 GB ROM | Expandable Upto 1 TB17.07 cm (6.72 inch) Full HD+ Display64MP + 2MP | 8MP Front Camera5000 mAh BatteryHelio G88 Processor1 Year Manufacturer Warranty for Phone and 6 Months Warranty for In the Box Accessories,4.4
184,"REDMI 12 5G (Pastel Blue, 128 GB)","₹14,599",6 GB RAM | 128 GB ROM | Expandable Upto 1 TB17.25 cm (6.79 inch) Full HD+ Display50MP + 2MP | 8MP Front Camera5000 mAh BatterySnapdragon 4 Gen 2 Processor1 Year Manufacturer Warranty for Phone and 6 Months Warranty for In the Box Accessories,4.3
185,"REDMI 9 Power (Mighty Black, 128 GB)","₹10,499",6 GB RAM | 128 GB ROM16.59 cm (6.53 inch) Full HD+ Display48MP + 8MP + 2MP + 2MP | 8MP Front Camera6000 mAh BatteryQualcomm Snapdragon 662 Processor1 year manufacturer warranty for device and 6 months manufacturer warranty for in-box accessories including batteries from the date of purchase,4.3
186,"OPPO A38 (Glowing Black, 128 GB)","₹10,999",4 GB RAM | 128 GB ROM | Expandable Upto 1 TB16.66 cm (6.56 inch) HD Display50MP + 2MP | 5MP Front Camera5000 mAh BatteryHelio G70 (MT6769) Processor1 Year Manufacturer Warranty for Phone and 6 Months Warranty for In the Box Accessories,4.3
187,"vivo T2x 5G (Sunstone Orange, 128 GB)","₹11,999",4 GB RAM | 128 GB ROM16.71 cm (6.58 inch) Full HD+ Display50MP + 2MP | 8MP Front Camera5000 mAh BatteryMediatek Dimensity 6020 Processor1 Year of Device & 6 Months for Inbox Accessories,4.4
188,"REDMI Note 12 (Ice Blue, 64 GB)","₹9,999",6 GB RAM | 64 GB ROM | Expandable Upto 1 TB16.94 cm (6.67 inch) Full HD+ Super AMOLED Display50MP + 8MP + 2MP | 13MP Front Camera5000 mAh BatterySnapdragon 685 Processor1 Year Manufacturer Warranty for Phone and 6 Months Warranty for In the Box Accessories,4.2
189,"vivo Y22 (Metaverse Green, 128 GB)","₹11,970",6 GB RAM | 128 GB ROM | Expandable Upto 1 TB16.64 cm (6.55 inch) HD+ Display50MP + 2MP | 8MP Front Camera5000 mAh Lithium BatteryMediatek Helio G70 Processor1 Year of Device & 6 Months for In-Box Accessories,4.3
190,"REDMI 10 (Caribbean Green, 64 GB)","₹13,999",4 GB RAM | 64 GB ROM17.04 cm (6.71 inch) Display50MP Rear Camera6000 mAh Battery1 Year Warranty for Phone and 6 Months Warranty for In-Box Accessories,4.3
191,"realme C15 Qualcomm Edition (Power Silver, 64 GB)","₹12,999",4 GB RAM | 64 GB ROM | Expandable Upto 256 GB16.56 cm (6.52 inch) HD+ Display13MP + 8MP + 2MP + 2MP | 8MP Front Camera6000 mAh Lithium-ion BatteryQualcomm Snapdragon 460 ProcessorBrand Warranty of 1 Year Available for Mobile and 6 Months for Accessories,4.4
192,"REDMI 10 Prime (Phantom Black, 128 GB)","₹11,990",6 GB RAM | 128 GB ROM | Expandable Upto 512 GB16.51 cm (6.5 inch) Full HD Display50MP + 8MP + 2MP + 2MP | 8MP Front Camera6000 mAh BatteryHelio G88 Processor1 Year Manufacturer Warranty for Handset and 6 Months Warranty for In the Box Accessories,4.2
193,Pious M18 Dual Sim Mobile Phone with 3000 mAh Big Battery & Wireless FM Radio,₹934,32 MB RAM | 32 MB ROM4.57 cm (1.8 inch) Display0.3MP Rear Camera3000 mAh Battery1 year manufacturer's warranty.,3.7
194,"Motorola g22 (Cosmic Black, 64 GB)","₹10,999",4 GB RAM | 64 GB ROM | Expandable Upto 1 TB16.51 cm (6.5 inch) HD+ Display50MP + 8MP + 2MP + 2MP | 16MP Front Camera5000 mAh Lithium Ion BatteryMediatek Helio G37 Processor1 Year on Handset and 6 Months on Accessories,3.8
195,"REDMI 10 (Pacific Blue, 64 GB)","₹10,999",4 GB RAM | 64 GB ROM | Expandable Upto 1 TB17.02 cm (6.7 inch) HD+ Display50MP + 2MP | 5MP Front Camera6000 mAh Lithium Polymer BatteryQualcomm Snapdragon 680 Processor1 Year Warranty for Phone and 6 Months Warranty for In-Box Accessories,4.3
196,"REDMI 13C (Starfrost White, 128 GB)","₹10,499",6 GB RAM | 128 GB ROM | Expandable Upto 1 TB17.12 cm (6.74 inch) HD+ Display50MP Rear Camera | 8MP Front Camera5000 mAh BatteryHelio G85 Processor1 Year Manufacturer Warranty for Phone and 6 Months Warranty for In the Box Accessories,4.2
197,"Samsung Galaxy A14 5G (Black, 128 GB)","₹13,990",6 GB RAM | 128 GB ROM | Expandable Upto 1 TB16.76 cm (6.6 inch) Full HD+ Display50MP + 2MP + 2MP | 13MP Front Camera5000 mAh Lithium Ion BatteryExynos 1330 Processor1 Year Manufacturer Warranty for Device and 6 Months Manufacturer Warranty for In-Box Accessories,4.2
198,"REDMI Note 12 5G (Mystique Blue, 128 GB)","₹14,990",4 GB RAM | 128 GB ROM | Expandable Upto 1 TB16.94 cm (6.67 inch) Full HD+ AMOLED Display48MP + 8MP + 2MP | 13MP Front Camera5000 mAh BatteryQualcomm Snapdragon 4 Gen 1 Processor1 Year Manufacturer Warranty for Phone and 6 Months Warranty for In the Box Accessories,3.9
199,"Nokia C21 Plus (Dark Cyan, 64 GB)","₹9,699",4 GB RAM | 64 GB ROM16.69 cm (6.57 inch) HD+ Display13MP + 2MP | 5MP Front Camera5050 mAh Lithium Polymer BatteryOcta Core Processor1YR BRAND WARRANTY ON HANDSET & 6 MONTHS WARRANTY ON ACCESSORIES,3.6
200,"REDMI 13C (Stardust Black, 128 GB)","₹10,487",6 GB RAM | 128 GB ROM | Expandable Upto 1 TB17.12 cm (6.74 inch) HD+ Display50MP Rear Camera | 8MP Front Camera5000 mAh BatteryHelio G85 Processor1 Year Manufacturer Warranty for Phone and 6 Months Warranty for In the Box Accessories,4.2
201,"hmd Crest 5G (Midnight Blue, 128 GB)","₹10,999","6 GB RAM | 128 GB ROM | Expandable Upto 256 GB16.94 cm (6.67 inch) Full HD+ Display50MP + 50MP + 2MP | 50MP Front Camera5000 mAh BatteryUnisoc T760 5G octa core 6 nm processor with 2.2 Ghz & 5,10,000+ AnTuTu score. Processor01 Year from brand",3.7
202,"vivo Y28e 5G (Breeze Green, 128 GB)","₹11,999",4 GB RAM | 128 GB ROM | Expandable Upto 1 TB16.66 cm (6.56 inch) Full HD+ Display13MP + 0.08MP | 5MP Front Camera5000 mAh BatteryDimensity 6300 Processor1 Year Manufacturer Warranty for Device and 6 Months Manufacturer Warranty for Inbox Accessories,4.2
203,"OPPO A18 (Glowing Blue, 64 GB)","₹10,066",4 GB RAM | 64 GB ROM16.66 cm (6.56 inch) HD+ Display8MP + 2MP | 5MP Front Camera5000 mAh BatteryHelio G85 Processor1 Year Manufacturer Warranty for Phone and 6 Months Warranty for In the Box Accessories,4.3
204,"REDMI Note 10T 5G (Chromium White, 64 GB)","₹14,999","4 GB RAM | 64 GB ROM16.66 cm (6.56 inch) Full HD+ Display48MP Primary Camera + 2MP Macro Lens + 2MP Depth Sensor | 8MP Front Camera5000 mAh Lithium Polymer BatteryMediatek Dimensity 700 ProcessorMax GPU Frequency: 950 MHz, Supports GAME Turbo 3.0, UFS2.2 Storage, Reading Mode 3.0, 360 Degree Ambient Light Sensors, Supports 18W Fast Charging1 Year Manufacturer Warranty for Phone and 6 Months Warranty for In the Box Accessories",4.3
205,"Samsung Galaxy M15 5G (Stone Grey, 128 GB)","₹14,499",4 GB RAM | 128 GB ROM16.51 cm (6.5 inch) Full HD+ Super AMOLED Display50MP Rear Camera6000 mAh Battery1 Year Manufacturer Warranty for Device.,4.2
206,"Samsung Galaxy M06 5G (Sage Green, 64 GB)","₹10,998",4 GB RAM | 64 GB ROM17.02 cm (6.7 inch) Display50MP Rear Camera5000 mAh Battery1 Year Manufacturer Warranty for Phone and 6 Months Warranty for In the Box Accessories,4.4
207,"vivo T2x 5G (Black Gladiator, 128 GB)","₹12,999",6 GB RAM | 128 GB ROM16.71 cm (6.58 inch) Full HD+ Display50MP + 2MP | 8MP Front Camera5000 mAh BatteryMediatek Dimensity 6020 Processor1 Year of Device & 6 Months for Inbox Accessories,4.2
208,"REDMI 12 5G (Jade Black, 256 GB)","₹14,499",8 GB RAM | 256 GB ROM | Expandable Upto 1 TB17.25 cm (6.79 inch) Full HD+ Display50MP + 2MP | 8MP Front Camera5000 mAh BatterySnapdragon 4 Gen 2 Processor1 Year Manufacturer Warranty for Phone and 6 Months Warranty for In the Box Accessories,4.4
209,"realme C15 Qualcomm Edition (Power Blue, 64 GB)","₹9,490",4 GB RAM | 64 GB ROM | Expandable Upto 256 GB16.56 cm (6.52 inch) HD+ Display13MP + 8MP + 2MP + 2MP | 8MP Front Camera6000 mAh Lithium-ion BatteryQualcomm Snapdragon 460 ProcessorBrand Warranty of 1 Year Available for Mobile and 6 Months for Accessories,4.3
210,"realme C67 5G (Sunny Oasis, 128 GB)","₹14,999",6 GB RAM | 128 GB ROM | Expandable Upto 2 TB17.07 cm (6.72 inch) Full HD+ Display50MP + 2MP | 8MP Front Camera5000 mAh BatteryDimensity 6100+ Processor1 Year Manufacturer Warranty for Phone and 6 Months Warranty for In the Box Accessories,4.2
211,"POCO M6 5G - Locked with Airtel Prepaid (Polaris Green, 128 GB)","₹10,499",4 GB RAM | 128 GB ROM | Expandable Upto 1 TB17.12 cm (6.74 inch) HD+ Display50MP Rear Camera | 5MP Front Camera5000 mAh BatteryMediatek Dimensity 6100+ Processor1 Year Manufacturer Warranty for Phone and 6 Months Warranty for In the Box Accessories,4.4
212,"realme C67 5G (Sunny Oasis, 128 GB)","₹13,999",4 GB RAM | 128 GB ROM | Expandable Upto 2 TB17.07 cm (6.72 inch) Full HD+ Display50MP + 2MP | 8MP Front Camera5000 mAh BatteryDimensity 6100+ Processor1 Year Manufacturer Warranty for Phone and 6 Months Warranty for In the Box Accessories,4.2
213,"POCO M5 (Icy Blue, 128 GB)","₹14,499","6 GB RAM | 128 GB ROM | Expandable Upto 512 GB16.71 cm (6.58 inch) Full HD+ Display50MP + 2MP Depth Sensor + 2MP Macro Sensor | 8MP Front Camera5000 mAh Lithium-ion Polymer BatteryMediatek Helio G99 Processor1 Year for Handset, 6 Months for Accessories",4
214,"Motorola g73 5G (Lucent White, 128 GB)","₹12,999",8 GB RAM | 128 GB ROM | Expandable Upto 1 TB16.51 cm (6.5 inch) Full HD+ Display50MP + 8MP | 16MP Front Camera5000 mAh BatteryMediatek Dimensity 930 Processor1 Year Manufacturer Warranty for Phone and 6 Months Warranty for In the Box Accessories,4.2
215,"Mi 11 Lite (Vinyl Black, 128 GB)","₹12,880",8 GB RAM | 128 GB ROM | Expandable Upto 512 GB16.64 cm (6.55 inch) Full HD+ Display64MP + 8MP + 5MP | 16MP Front Camera4250 mAh Li-Polymer BatteryQualcomm Snapdragon 732G Processor1 Year Manufacturer Warranty for Handset and 6 Months Warranty for In the Box Accessories,4.1
216,"LAVA Blaze Pro (Glass Blue, 64 GB)","₹12,999",4 GB RAM | 64 GB ROM | Expandable Upto 256 GB16.51 cm (6.5 inch) HD+ Display50MP Rear Camera | 8MP Front Camera5000 mAh Lithium Polymer BatteryMediatek G37 Octa Core Processor Processor1 Year Handset Warranty and 6 Months Warranty on Accessories,4.4
217,"Samsung Galaxy M06 5G (Sage Green, 64 GB)","₹10,998",4 GB RAM | 64 GB ROM17.02 cm (6.7 inch) Display50MP Rear Camera5000 mAh Battery1 Year Manufacturer Warranty for Phone and 6 Months Warranty for In the Box Accessories,4.4
218,"REDMI 9 Prime (Mint Green, 64 GB)","₹11,999",4 GB RAM | 64 GB ROM | Expandable Upto 512 GB16.59 cm (6.53 inch) Full HD+ Display13MP + 8MP + 5MP + 2MP | 8MP Front Camera5020 mAh BatteryMediaTek Helio G80 Processor1 Year Manufacturer Warranty,4.3
219,"realme C15 Qualcomm Edition (Power Blue, 64 GB)","₹9,490",4 GB RAM | 64 GB ROM | Expandable Upto 256 GB16.56 cm (6.52 inch) HD+ Display13MP + 8MP + 2MP + 2MP | 8MP Front Camera6000 mAh Lithium-ion BatteryQualcomm Snapdragon 460 ProcessorBrand Warranty of 1 Year Available for Mobile and 6 Months for Accessories,4.2
220,"realme C15 Qualcomm Edition (Power Blue, 32 GB)","₹11,999",3 GB RAM | 32 GB ROM | Expandable Upto 256 GB16.56 cm (6.52 inch) HD+ Display13MP + 8MP + 2MP + 2MP | 8MP Front Camera6000 mAh Lithium-ion BatteryQualcomm Snapdragon 460 ProcessorBrand Warranty of 1 Year Available for Mobile and 6 Months for Accessories,4.3
221,"Mi 11 Lite (Vinyl Black, 128 GB)","₹12,880",8 GB RAM | 128 GB ROM | Expandable Upto 512 GB16.64 cm (6.55 inch) Full HD+ Display64MP + 8MP + 5MP | 16MP Front Camera4250 mAh Li-Polymer BatteryQualcomm Snapdragon 732G Processor1 Year Manufacturer Warranty for Handset and 6 Months Warranty for In the Box Accessories,4.4
222,"realme C67 5G (Sunny Oasis, 128 GB)","₹14,999",6 GB RAM | 128 GB ROM | Expandable Upto 2 TB17.07 cm (6.72 inch) Full HD+ Display50MP + 2MP | 8MP Front Camera5000 mAh BatteryDimensity 6100+ Processor1 Year Manufacturer Warranty for Phone and 6 Months Warranty for In the Box Accessories,4.2
223,"realme C67 5G (Sunny Oasis, 128 GB)","₹13,999",4 GB RAM | 128 GB ROM | Expandable Upto 2 TB17.07 cm (6.72 inch) Full HD+ Display50MP + 2MP | 8MP Front Camera5000 mAh BatteryDimensity 6100+ Processor1 Year Manufacturer Warranty for Phone and 6 Months Warranty for In the Box Accessories,4.2
224,"POCO M5 (Icy Blue, 128 GB)","₹14,499","6 GB RAM | 128 GB ROM | Expandable Upto 512 GB16.71 cm (6.58 inch) Full HD+ Display50MP + 2MP Depth Sensor + 2MP Macro Sensor | 8MP Front Camera5000 mAh Lithium-ion Polymer BatteryMediatek Helio G99 Processor1 Year for Handset, 6 Months for Accessories",4.3
225,"POCO M4 5G (Yellow, 128 GB)","₹14,999",6 GB RAM | 128 GB ROM | Expandable Upto 512 GB16.71 cm (6.58 inch) Full HD+ Display50MP + 2MP | 8MP Front Camera5000 mAh Lithium Ion Polymer BatteryMediatek Dimensity 700 Processor1 Year Warranty for Handset and 6 Months for Accessories,4.2
226,"Samsung Galaxy F41 (Fusion Green, 128 GB)","₹14,499",6 GB RAM | 128 GB ROM | Expandable Upto 512 GB16.26 cm (6.4 inch) Full HD+ Display64MP + 8MP + 5MP | 32MP Front Camera6000 mAh Lithium-ion BatteryExynos 9611 ProcessorSuper AMOLED Display1 Year Warranty Provided by the Manufacturer from Date of Purchase,4.4
227,"Motorola G34 5G (Ocean Green, 128 GB)","₹10,999",4 GB RAM | 128 GB ROM16.51 cm (6.5 inch) HD+ Display50MP + 2MP | 16MP Front Camera5000 mAh BatterySnapdragon 695 5G ProcessorVegan Leather Design1 Year on Handset and 6 Months on Accessories,4.4
228,"realme C53 (Champion Gold, 128 GB)","₹11,999",6 GB RAM | 128 GB ROM | Expandable Upto 2 TB17.12 cm (6.74 inch) HD Display108MP + 2MP | 8MP Front Camera5000 mAh BatteryT612 Processor1 Year Manufacturer Warranty for Phone and 6 Months Warranty for In the Box Accessories,4.2
229,"Redmi Note 8 (Neptune Blue, 128 GB)","₹11,999",6 GB RAM | 128 GB ROM | Expandable Upto 512 GB16.0 cm (6.3 inch) Full HD+ Display48MP + 8MP + 2MP + 2MP | 13MP Front Camera4000 mAh Lithium Polymer BatteryQualcomm Snapdragon 665 Processor1 Year Manufacturer Warranty for Device and 6 Months Manufacturer Warranty for Inbox Accessories Including Batteries from the Date of Purchase,4.3
230,"POCO M6 Pro 5G (Power Black, 128 GB)","₹12,999",6 GB RAM | 128 GB ROM | Expandable Upto 1 TB17.25 cm (6.79 inch) Full HD+ Display50MP + 2MP | 8MP Front Camera5000 mAh BatterySnapdragon 4 Gen 2 Processor1 Year Manufacturer Warranty for Phone and 6 Months Warranty for In the Box Accessories,4.3
231,"vivo Y75 (Dancing waves, 128 GB)","₹12,000",8 GB RAM | 128 GB ROM | Expandable Upto 1 TB16.36 cm (6.44 inch) Full HD+ AMOLED Display50MP + 8MP + 2MP | 44MP Front Camera5000 mAh Lithium BatteryMediatek G96 Processor1 Year on Handset and 6 Months on Accessories,4.3
232,"Samsung Galaxy F13 (Sunrise Copper, 64 GB)","₹10,999",4 GB RAM | 64 GB ROM | Expandable Upto 1 TB16.76 cm (6.6 inch) Full HD+ Display50MP + 5MP + 2MP | 8MP Front Camera6000 mAh Lithium Ion BatteryExynos 850 Processor1 Year Warranty Provided By the Manufacturer from Date of Purchase,4.3
233,"Infinix Note 11 (Glacier Green, 64 GB)","₹12,499",4 GB RAM | 64 GB ROM | Expandable Upto 512 GB17.02 cm (6.7 inch) Full HD+ AMOLED Display50 MP + 2 MP + AI Lens | 16MP Front Camera5000 mAh Li-ion Polymer BatteryMediatek Helio G88 Processor1 Year on Handset and 6 Months on Accessories,3.4
234,"Infinix Hot 11S (Green Wave, 128 GB)","₹11,999",4 GB RAM | 128 GB ROM | Expandable Upto 256 GB17.22 cm (6.78 inch) Full HD+ Display50 MP + 2 MP + AI Lens | 8MP Front Camera5000 mAh Li-ion Polymer BatteryMediatek Helio G88 Processor1 Year on Handset and 6 Months on Accessories,4.4
235,"Alcatel V3 Classic 5G (Cosmic Grey, 128 GB)","₹12,999",4 GB RAM | 128 GB ROM | Expandable Upto 2 TB16.94 cm (6.67 inch) HD+ Display50MP Dual Camera | 8MP Front Camera5200 mAh BatteryDimensity 6300 Processor1 Year Warranty on Handset and 6 Months Warranty on in the Box Accessories,4.2
236,"vivo T1 44W (Midnight Galaxy, 128 GB)","₹7,500",6 GB RAM | 128 GB ROM | Expandable Upto 1 TB16.36 cm (6.44 inch) Full HD+ AMOLED Display50MP + 2MP + 2MP | 16MP Front Camera5000 mAh Lithium BatteryQualcomm Snapdragon 680 Processor1 Year Handset and 6 Months Accessories,4.5
237,"Infinix Note 30 5G (Sunset Gold, 128 GB)","₹14,999",4 GB RAM | 128 GB ROM | Expandable Upto 2 TB17.22 cm (6.78 inch) Full HD+ Display108 MP + 2 MP+ AI Lens | 16MP Front Camera5000 mAh Li-ion Polymer BatteryDimensity 6080 Processor1 Year on Handset and 6 Months on Accessories,4.2
238,"vivo T1 44W (Ice Dawn, 128 GB)","₹7,500",4 GB RAM | 128 GB ROM | Expandable Upto 1 TB16.36 cm (6.44 inch) Full HD+ AMOLED Display50MP + 2MP + 2MP | 16MP Front Camera5000 mAh Lithium BatteryQualcomm Snapdragon 680 Processor1 Year Handset and 6 Months Accessories,4.2
239,"POCO M6 5G (Polaris Green, 256 GB)","₹13,499",8 GB RAM | 256 GB ROM | Expandable Upto 1 TB17.12 cm (6.74 inch) HD+ Display50MP Rear Camera | 5MP Front Camera5000 mAh BatteryMediatek Dimensity 6100+ Processor1 Year Manufacturer Warranty for Phone and 6 Months Warranty for In the Box Accessories,4.2
240,"Motorola G34 5G (Ocean Green, 128 GB)","₹11,999",8 GB RAM | 128 GB ROM16.51 cm (6.5 inch) HD+ Display50MP + 2MP | 16MP Front Camera5000 mAh BatterySnapdragon 695 5G ProcessorVegan Leather Design1 Year on Handset and 6 Months on Accessories,4.3
241,"POCO M6 5G (Galactic Black, 64 GB)","₹11,000",4 GB RAM | 64 GB ROM | Expandable Upto 1 TB17.12 cm (6.74 inch) HD+ Display50MP Rear Camera | 5MP Front Camera5000 mAh BatteryMediatek Dimensity 6100+ Processor1 Year Manufacturer Warranty for Phone and 6 Months Warranty for In the Box Accessories,4.3
242,"Infinix Hot 11S (Green Wave, 64 GB)","₹10,999","4 GB RAM | 64 GB ROM | Expandable Upto 256 GB17.22 cm (6.78 inch) Full HD+ Display50MP + 2MP + AI Lens | 8MP Front Camera5000 mAh Li-ion Polymer BatteryMediaTek Helio G88 Processor90Hz Refresh Rate18W Type C, Fast Charger1 Year on Handset and 6 Months on Accessories",4.4
243,"REDMI 12 5G (Pastel Blue, 128 GB)","₹11,990",4 GB RAM | 128 GB ROM | Expandable Upto 1 TB17.25 cm (6.79 inch) Full HD+ Display50MP + 2MP | 8MP Front Camera5000 mAh BatterySnapdragon 4 Gen 2 Processor1 Year Manufacturer Warranty for Phone and 6 Months Warranty for In the Box Accessories,4.1
244,"realme C33 2023 (Sandy Gold, 64 GB)","₹9,999",4 GB RAM | 64 GB ROM | Expandable Upto 1 TB16.51 cm (6.5 inch) HD+ Display50MP + 0.3MP | 5MP Front Camera5000 mAh Lithium Ion BatteryUnisoc T612 Processor1 Year Manufacturer Warranty for Phone and 6 Months Warranty for In-Box Accessories,4.5
245,"Infinix HOT 20 5G (Racing Black, 64 GB)","₹13,208",4 GB RAM | 64 GB ROM | Expandable Upto 1 TB16.76 cm (6.6 inch) Full HD+ Display50MP + AI Lens | 8MP Front Camera5000 mAh Li-ion Polymer BatteryDimensity 810 Processor1 Year on Handset and 6 Months on Accessories,4.2
246,"realme 9i (Prism Blue, 128 GB)","₹14,499",6 GB RAM | 128 GB ROM | Expandable Upto 1 TB16.76 cm (6.6 inch) Full HD+ Display50MP + 2MP + 2MP | 16MP Front Camera5000 mAh Lithium ion BatteryQualcomm Snapdragon 680 (SM6225) Processor1 Year Manufacturer Warranty for Phone and 6 Months Warranty for in the Box Accessories,4.3
247,"POCO C55 (Cool Blue, 128 GB)","₹13,999",6 GB RAM | 128 GB ROM | Expandable Upto 1 TB17.04 cm (6.71 inch) HD+ Display50MP Dual Rear Camera | 5MP Front Camera5000 mAh BatteryMediatek Helio G85 Processor1 Year Manufacturer Warranty for Phone and 6 Months Warranty for In the Box Accessories,4.2
248,"Infinix Hot 11S (7° Purple, 64 GB)","₹10,999","4 GB RAM | 64 GB ROM | Expandable Upto 256 GB17.22 cm (6.78 inch) Full HD+ Display50MP + 2MP + AI Lens | 8MP Front Camera5000 mAh Li-ion Polymer BatteryMediaTek Helio G88 Processor90Hz Refresh Rate18W Type C, Fast Charger1 Year on Handset and 6 Months on Accessories",4.2
249,"POCO M4 5G (Yellow, 128 GB)","₹14,999",6 GB RAM | 128 GB ROM | Expandable Upto 512 GB16.71 cm (6.58 inch) Full HD+ Display50MP + 2MP | 8MP Front Camera5000 mAh Lithium Ion Polymer BatteryMediatek Dimensity 700 Processor1 Year Warranty for Handset and 6 Months for Accessories,4.2
250,"Samsung Galaxy A04s (Green, 128 GB)","₹10,999",4 GB RAM | 128 GB ROM16.51 cm (6.5 inch) HD+ Display50MP + 50MP + 2MP + 2MP | 5MP Front Camera5000 mAh Lithium-ion BatteryExynos Octa Core Processor Processor1 Year Manufacturer Warranty For Device And 6 Months Manufacturer Warranty For In-box Accessories,4.2
251,"REDMI 10 (Midnight Black, 128 GB)","₹12,999",6 GB RAM | 128 GB ROM | Expandable Upto 1 TB17.02 cm (6.7 inch) HD+ Display50MP + 2MP | 5MP Front Camera6000 mAh Lithium Polymer BatteryQualcomm Snapdragon 680 Processor1 Year Warranty for Phone and 6 Months Warranty for In-Box Accessories,4.2
252,"POCO M4 5G (Power Black, 64 GB)","₹12,999",4 GB RAM | 64 GB ROM | Expandable Upto 512 GB16.71 cm (6.58 inch) Full HD+ Display50MP + 2MP | 8MP Front Camera5000 mAh Lithium Ion Polymer BatteryMediatek Dimensity 700 Processor1 Year Warranty for Handset and 6 Months for Accessories,4.2
253,"Samsung Galaxy A06 (Light Blue, 128 GB)","₹11,499",4 GB RAM | 128 GB ROM | Expandable Upto 1 TB17.02 cm (6.7 inch) HD+ Display50MP + 2MP | 8MP Front Camera5000 mAh BatteryMediatek Helio G85 Processor1 Year Manufacturer Warranty for Device and 6 Months for In-Box Accessories,4.3
254,"Samsung Galaxy A06 (Black, 128 GB)","₹11,499",4 GB RAM | 128 GB ROM | Expandable Upto 1 TB17.02 cm (6.7 inch) HD+ Display50MP + 2MP | 8MP Front Camera5000 mAh BatteryMediatek Helio G85 Processor1 Year Manufacturer Warranty for Device and 6 Months for In-Box Accessories,4.4
255,"REDMI 12 5G (Blue, 128 GB)","₹11,999",4 GB RAM | 128 GB ROM | Expandable Upto 1 TB17.25 cm (6.79 inch) Full HD+ Display50MP + 2MP | 8MP Front Camera5000 mAh BatterySnapdragon 4 Gen 2 Processor1 Year Manufacturer Warranty for Phone and 6 Months Warranty for In the Box Accessories,4.2
256,"Redmi Note 8 (Space Black, 64 GB)","₹9,999",4 GB RAM | 64 GB ROM | Expandable Upto 512 GB16.0 cm (6.3 inch) Full HD+ Display48MP + 8MP + 2MP + 2MP | 13MP Front Camera4000 mAh Lithium Polymer BatteryQualcomm Snapdragon 665 Processor1 Year Manufacturer Warranty for Device and 6 Months Manufacturer Warranty for Inbox Accessories Including Batteries from the Date of Purchase,4.4
257,"Motorola g54 5G (Midnight Blue, 128 GB)","₹14,999",8 GB RAM | 128 GB ROM | Expandable Upto 1 TB16.51 cm (6.5 inch) Full HD+ Display50MP (OIS) + 8MP | 16MP Front Camera6000 mAh BatteryDimensity 7020 Processor1 Year on Handset and 6 Months on Accessories,4.2
258,"REDMI 9 Prime (Space Blue, 64 GB)","₹9,990",4 GB RAM | 64 GB ROM | Expandable Upto 512 GB16.59 cm (6.53 inch) Full HD+ Display13MP + 8MP + 5MP + 2MP | 8MP Front Camera5020 mAh BatteryMediaTek Helio G80 Processor1 Year Manufacturer Warranty,4.2
259,"REDMI 9 Activ (Carbon Black, 128 GB)","₹9,499",6 GB RAM | 128 GB ROM | Expandable Upto 512 GB16.59 cm (6.53 inch) HD+ Display13MP + 2MP | 5MP Front Camera5000 mAh Lithium Polymer BatteryMediatek Helio G35 Processor1 Year Warranty on Mobile Device and 6 months on Accessories,4.1
260,"POCO M4 Pro 5G (Yellow, 128 GB)","₹14,999","8 GB RAM | 128 GB ROM | Expandable Upto 1 TB16.76 cm (6.6 inch) Full HD+ Display50MP + 8MP | 16MP Front Camera5000 mAh Lithium-ion Polymer BatteryMediatek Dimensity 810 ProcessorOne Year for Handset, 6 Months for Accessories",4
261,"Samsung Galaxy F42 5G (Matte Aqua, 128 GB)","₹12,999",6 GB RAM | 128 GB ROM | Expandable Upto 1 TB16.76 cm (6.6 inch) Full HD+ Display64MP + 5MP + 2MP | 8MP Front Camera5000 mAh Lithium-ion BatteryMediaTek Dimensity 700 Processor1 Year Warranty Provided by the Manufacturer from Date of Purchase,4.5
262,"Nokia 3.4 (Dusk Purple, 64 GB)","₹11,797",4 GB RAM | 64 GB ROM | Expandable Upto 512 GB16.23 cm (6.39 inch) HD+ Display13MP + 5MP + 2MP | 8MP Front Camera4000 mAh Li-ion BatteryQualcomm Snapdragon 460 ProcessorNo Warranty on this Product,3.9
263,"REDMI Note 8 Pro (Shadow Black, 64 GB)","₹10,499","6 GB RAM | 64 GB ROM | Expandable Upto 512 GB16.59 cm (6.53 inch) Full HD+ Display64MP + 8MP + 2MP + 2MP | 20MP Front Camera4500 mAh Li-polymer BatteryMediaTek Helio G90T Processor1 Year Warranty on Phone, 6 Months Warranty on Accessories",4
